,Unnamed: 0,id,full_name,Age,FG_PCT,FGA/GP,FG3A/GP,FG3_PCT,REB/GP,AST/GP,STL/GP,PTS/GP,labels,labels_cat
0,0,1630173,Precious Achiuwa,23.0,0.461,6.999326296878508,1.651126581330938,0.215,6.629762706789431,0.99956583576615,0.2782393891758365,7.959832322778652,1,1
1,1,203500,Steven Adams,29.0,0.5816999999999999,6.352764966375069,0.0204888298332036,0.0333,8.272438911774968,1.6031290550770283,0.854303206931761,8.970650576793197,1,1
2,2,1628389,Bam Adebayo,25.0,0.5501666666666666,9.835185255320464,0.1740494565918744,0.0988333333333333,8.394741195568011,3.352981468155779,1.0670484042120445,14.332417936465854,1,1
3,3,1630583,Santi Aldama,21.0,0.4335,6.3625,2.95,0.199,4.559375,0.828125,0.59375,7.5625,3,3
4,4,200746,LaMarcus Aldridge,36.0,0.4947777777777779,14.811858828125189,0.9651434025202744,0.2744444444444445,7.520976422719313,1.933162927651324,0.6603769513227719,18.08328038996455,0,0
5,5,1629638,Nickeil Alexander-Walker,24.0,0.3945,7.152939111459001,3.515109466543324,0.2696666666666666,2.1013208725697163,1.9040569431596257,0.5407444831866665,7.447302750697754,3,3
6,6,1628960,Grayson Allen,27.0,0.3898,7.571470494417864,4.804612440191387,0.358,2.7478149920255186,1.8069601275917069,0.4742711323763955,9.063247208931418,0,0
7,7,1628386,Jarrett Allen,24.0,0.6234999999999999,7.466602474323063,0.213656921101774,0.14975,9.497338935574229,1.4756652661064424,0.5143747082166199,12.114543942577033,1,1
9,9,1630631,Jose Alvarado,24.0,0.5145,5.722222222222222,2.3935185185185186,0.3275,2.175925925925926,2.6574074074074074,1.1574074074074074,7.180555555555555,0,0
10,10,202329,Al-Farouq Aminu,30.0,0.3909230769230769,5.840485287332298,2.118215003789214,0.2776923076923077,5.633528554159548,1.2060945543386672,0.9084089272457327,6.547338565625664,0,0
11,11,203937,Kyle Anderson,29.0,0.4132222222222223,4.88810601863072,1.1172434849927066,0.2824444444444444,4.190407551554296,2.065449277408314,0.9312534496932277,5.871846575983877,0,0
12,12,203507,Giannis Antetokounmpo,27.0,0.5391,15.640331559092385,2.559330662242843,0.2898,9.920541953532004,4.7539214470723525,1.111394182767786,23.736133745339803,4,4
13,13,203648,Thanasis Antetokounmpo,30.0,0.4572,1.8940350877192984,0.3600877192982456,0.0768,1.1959210526315789,0.4030701754385964,0.213859649122807,2.444956140350877,3,3
14,14,2546,Carmelo Anthony,38.0,0.4437142857142856,17.897047418871868,3.966689742807066,0.3468571428571428,6.258551727110343,2.651996281359084,0.9396191894856248,22.373922791542437,4,4
15,15,1630175,Cole Anthony,22.0,0.401,13.008483360611018,4.89165302782324,0.3416666666666666,4.93532460447354,4.670676486633933,0.6986633933442444,14.903600654664483,4,4
16,16,1628384,OG Anunoby,25.0,0.4634999999999999,9.216504291310462,4.309228244985096,0.3805,4.618962536627749,1.5333610583592665,1.2991041003841324,11.487928740165849,0,0
17,17,1627853,Ryan Arcidiacono,28.0,0.365,2.420170252976766,1.4621194383167564,0.3118333333333333,1.327441561205929,1.3512034456957829,0.3523664163989834,2.984493078937524,3,3
18,18,2772,Trevor Ariza,37.0,0.4278076923076923,7.621999845036951,3.4625925503886137,0.2933846153846154,4.529312337540274,1.9981675292029848,1.290473219256712,9.11789036326678,0,0
19,19,201571,D.J. Augustin,34.0,0.4032499999999999,6.886016028366121,3.3226662171292034,0.3716249999999999,1.7260259293174738,3.5582025836721254,0.5455459638217207,8.741025601830321,0,0
20,20,1630166,Deni Avdija,21.0,0.4203333333333333,5.696251129177958,2.7565492321589886,0.3356666666666667,4.928259560373381,1.567750677506775,0.770701595904848,6.645663956639567,3,3
21,21,1630555,Joel Ayayi,22.0,0.167,0.8571428571428571,0.1428571428571428,0.0,0.4285714285714285,0.5714285714285714,0.0,0.2857142857142857,2,2
22,22,1629028,Deandre Ayton,24.0,0.5886,12.734930533250797,0.3531769141374458,0.2264,10.400331931884317,1.807671738630314,0.7154447053715545,16.874153786709314,1,1
23,23,1628962,Udoka Azubuike,22.0,0.5995,1.741176470588235,0.0,0.0,2.5215686274509803,0.0,0.0627450980392156,2.886274509803921,1,1
24,24,1628407,Dwayne Bacon,25.0,0.4,6.484782321306016,1.8568813216547968,0.3155,2.521150939645893,1.1087510969723564,0.4489250374095701,6.834689547447336,3,3
25,25,1628963,Marvin Bagley III,23.0,0.4995,10.705229539222412,1.9640445234171795,0.2576666666666667,7.249221359827136,0.8569088319088318,0.4937873624389003,13.054937185150989,1,1
26,26,1630163,LaMelo Ball,20.0,0.4325,14.948235294117646,6.325490196078431,0.3705,6.30078431372549,6.875294117647059,1.5874509803921568,17.925882352941176,4,4
27,27,1628366,Lonzo Ball,24.0,0.4011999999999999,11.024634656124018,6.499056144800827,0.362,5.7106514289493004,6.087970185842527,1.5753397429993174,11.890935636467551,4,4
29,29,1628964,Mo Bamba,24.0,0.4346,5.723347019540777,2.42762640478363,0.3032,5.209124428766505,0.8530518505380407,0.337424516061785,6.598750572126621,3,3
30,30,1630217,Desmond Bane,24.0,0.4539999999999999,13.141692466460269,6.7556243550051605,0.4453333333333333,3.960990712074304,3.357378740970072,0.871155830753354,16.667234262125902,4,4
31,31,1630625,Dalano Banton,22.0,0.4054999999999999,2.578125,0.8984375,0.2275,1.46875,1.0734375,0.31875,2.7015625,3,3
32,32,203084,Harrison Barnes,30.0,0.4479230769230768,11.203518019791243,3.769508223708696,0.3593076923076923,5.092604984705186,1.832146354074884,0.692803674140722,14.171205737960948,0,0
33,33,1630567,Scottie Barnes,21.0,0.5065,12.297297297297298,2.304054054054054,0.3379999999999999,6.513513513513514,3.85472972972973,1.1655405405405406,15.03716216216216,4,4
34,34,1629628,RJ Barrett,22.0,0.40525,15.752876984126983,4.707738095238096,0.3015,5.702678571428572,2.697222222222222,0.5831349206349207,17.418353174603176,4,4
35,35,203115,Will Barton,31.0,0.4278461538461538,9.090065053545375,3.2817616734355157,0.3310769230769231,3.8811868698675647,2.459864979752528,0.7892182588040201,10.598441386025357,0,0
36,36,1629646,Charles Bassey,21.0,0.638,2.0434782608695654,0.1739130434782608,0.0,2.6956521739130435,0.3043478260869565,0.217391304347826,3.0,1,1
37,37,1628966,Keita Bates-Diop,26.0,0.4878571428571429,4.158577595865732,1.3713381867134893,0.4065714285714286,2.514737467885168,0.4791729876475639,0.4001836731860945,5.251369340473457,3,3
38,38,201587,Nicolas Batum,33.0,0.4512666666666666,8.305865453182577,4.108502008216772,0.3794666666666666,4.957653166486071,3.2315300949610486,0.9300558568431152,10.30834604245766,0,0
39,39,203145,Kent Bazemore,32.0,0.4023571428571428,6.982897891460752,2.9049844779342906,0.3474285714285715,3.117366851260494,1.6665257219899168,0.9728608091608224,8.091070718179482,0,0
40,40,1629647,Darius Bazley,22.0,0.40475,8.136993239594807,3.302506533618437,0.3447499999999999,5.637906866239011,1.3194820622475647,0.5362254044363809,8.978187433853863,0,0
41,41,203078,Bradley Beal,29.0,0.4638181818181818,17.28173802050519,5.65973648485954,0.3638181818181818,4.044940911155859,4.42355717035744,1.0521368042886357,21.874349249975797,4,4
42,42,1627736,Malik Beasley,25.0,0.4301111111111111,9.661892927322285,5.299285725951663,0.3707777777777778,2.653245212026869,1.2785781302756136,0.702274631901827,11.300977457870395,0,0
43,43,1628395,Jordan Bell,27.0,0.3661111111111111,2.6409307959252803,0.3422274414908129,0.1357777777777777,3.035494848608261,1.016003340683364,0.4095194538571405,2.828541513174919,3,3
44,44,1627761,DeAndre' Bembry,27.0,0.4766249999999999,4.271382725195904,0.9601233997552304,0.255125,2.8172157222581404,1.530650462314393,0.8401448185928585,4.926950462478584,3,3
45,45,202722,Davis Bertans,29.0,0.40675,6.069496296092369,4.850403225058104,0.37925,2.6045808911990296,0.9040907838870906,0.4075820978510029,7.741432288327505,0,0
46,46,201976,Patrick Beverley,34.0,0.3954545454545455,7.36388589777384,4.219996999269702,0.3624545454545455,4.037507221394544,3.3006463026381,1.2469629880425226,8.64087572286625,0,0
47,47,1630180,Saddiq Bey,23.0,0.4206666666666667,11.375029036004646,6.336817653890825,0.3619999999999999,5.306968641114982,1.8662020905923344,0.7443670150987224,14.584204413472705,0,0
48,48,1630189,Tyler Bey,23.0,0.318,1.2222222222222223,0.2222222222222222,0.25,1.0555555555555556,0.1666666666666666,0.0,1.0,2,2
49,49,203920,Khem Birch,30.0,0.517625,4.082667345092718,0.3925721422790354,0.09125,4.616508616988536,0.994579251512431,0.4880567386920489,5.4249461584337375,1,1
50,50,1629048,Goga Bitadze,23.0,0.49275,4.157222222222222,1.4083333333333332,0.2245,3.521574074074074,1.024537037037037,0.3262962962962963,5.38712962962963,3,3
51,51,202357,Nemanja Bjelica,34.0,0.4588888888888889,5.751877108773962,2.711229317111876,0.3642222222222223,4.149413341505696,1.8223630458354725,0.5871469506708803,7.122881756500634,0,0
52,52,204028,Tarik Black,26.0,0.5591666666666667,3.699709296653985,0.0502350061085794,0.0984999999999999,4.9340829244193225,0.5214419053419099,0.3478779084162384,5.01374756951209,1,1
53,53,202339,Eric Bledsoe,32.0,0.4442142857142857,11.213656551831605,3.510176955496355,0.3279999999999999,3.734485604330272,4.586663115799904,1.4136959347055154,14.205001633898505,4,4
54,54,1629833,Keljin Blevins,26.0,0.278,2.378557874762808,1.396584440227704,0.271,1.0199240986717268,0.4240986717267552,0.2685009487666034,1.885199240986717,3,3
55,55,203992,Bogdan Bogdanovic,29.0,0.4416,12.04549361385427,6.3231277465703695,0.386,3.4656926315942718,3.387138963040602,1.0387660245037291,14.49796196517508,4,4
56,56,202711,Bojan Bogdanovic,33.0,0.4611818181818182,11.56089943501386,5.462660532104837,0.3983636363636363,3.566087886332712,1.5929022242915856,0.4945914696012676,15.602152461610068,0,0
57,57,1629626,Bol Bol,22.0,0.53075,3.585267857142857,0.8303571428571428,0.3672499999999999,2.6732142857142858,0.4082589285714286,0.1127232142857142,5.006919642857143,3,3
58,58,1629716,Marques Bolden,23.0,0.1665,0.25,0.0,0.0,1.5,0.0,0.6666666666666666,0.5833333333333334,2,2
59,59,1630195,Leandro Bolmaro,22.0,0.1575,0.7714285714285715,0.2571428571428571,0.139,0.6142857142857143,0.3,0.0857142857142857,0.7142857142857143,2,2
60,60,1629067,Isaac Bonga,22.0,0.31425,1.9842803030303031,0.7202651515151515,0.21975,1.6541666666666668,0.66875,0.474810606060606,2.153409090909091,3,3
61,61,1626164,Devin Booker,25.0,0.46425,18.50831594718699,5.88465498320277,0.3715,3.8472845356156222,4.866780051584413,0.8900990473955275,24.85834336320703,4,4
62,62,1630527,Brandon Boston Jr.,20.0,0.4925,4.019607843137255,1.2549019607843137,0.153,1.088235294117647,0.5,0.2549019607843137,4.362745098039216,3,3
63,63,1628449,Chris Boucher,29.0,0.4233333333333333,5.347116615463389,2.333970174091142,0.3321666666666666,3.896012544802867,0.3088805683563748,0.2941596262160778,7.41813236047107,3,3
64,64,1630547,James Bouknight,22.0,0.3169999999999999,5.774193548387097,2.790322580645161,0.2985,1.713709677419355,1.1693548387096775,0.3629032258064516,5.165322580645162,3,3
65,65,1628968,Brian Bowen II,22.0,0.275,1.1666666666666667,0.25,0.0,0.8333333333333334,0.0,0.0,0.75,2,2
66,66,202340,Avery Bradley,31.0,0.4218888888888888,9.646272049326608,3.520121294302359,0.3292777777777778,2.6837493908006618,1.813724639322446,0.9144727739025896,10.352786607563464,0,0
67,67,1628396,Tony Bradley,24.0,0.50325,3.317058827188138,0.1093966139224759,0.125,4.091791063342788,0.4964935686918445,0.2695122406329303,4.46345754341444,1,1
68,68,1629649,Ignas Brazdeikis,23.0,0.2615,4.405041717541717,1.6000457875457874,0.2035,2.2260632885632883,0.8138481888481888,0.1742979242979243,4.252314814814815,2,2
69,69,1628969,Mikal Bridges,26.0,0.5170000000000001,8.500214389130193,3.180897093217508,0.3379999999999999,4.548577235772358,2.298817611463786,1.1393436537105095,11.52428072910866,0,0
70,70,1628970,Miles Bridges,24.0,0.4705,10.642839452214451,4.330456002331002,0.3465,5.652345571095571,2.2296547202797203,0.7236378205128204,13.330375874125874,0,0
71,71,1629052,Oshae Brissett,24.0,0.3555,4.9093629596379005,2.510268207833016,0.3057499999999999,3.421973777727902,0.5750476938615194,0.4430011596154566,5.875346014289455,3,3
72,72,1627763,Malcolm Brogdon,29.0,0.4578571428571428,12.534920634920637,4.2277853363567655,0.3582857142857142,4.225820105820106,4.666557539682539,0.8284854497354497,15.383866685563117,4,4
73,73,1629717,Armoni Brooks,24.0,0.34525,5.999219998610243,5.106365957890348,0.31425,2.243831213953165,1.210817524841915,0.5422937947328191,6.323459974984365,3,3
74,74,1628415,Dillon Brooks,26.0,0.3899999999999999,12.524684768652191,4.463393368269283,0.3358333333333332,2.549668136883611,1.86388474249017,0.7663320435170548,12.957651030264648,0,0
75,75,1628971,Bruce Brown,26.0,0.4876,6.817121976087494,1.6650354067595448,0.3588,4.037007073386384,2.4501605053329194,0.8776999147688803,8.485219928150963,0,0
76,76,1630602,Chaundee Brown,23.0,0.272,6.077777777777778,3.3666666666666667,0.2443333333333333,2.955555555555556,0.7111111111111111,0.3555555555555555,5.622222222222223,3,3
77,77,1627759,Jaylen Brown,26.0,0.4702857142857142,14.42719393519238,5.266491643909326,0.3628571428571429,5.14043362104031,2.2118114292213336,1.0104980898991789,18.109697203785878,4,4
78,78,1629650,Moses Brown,23.0,0.5638333333333333,2.8516005527633435,0.0,0.0,3.6893445163794,0.0678551315179222,0.2346900407946919,4.218749349272605,1,1
79,79,1628425,Sterling Brown,27.0,0.413,4.766115264260729,2.585657970821692,0.3528,3.3545531799516155,0.999530062540784,0.5187226378909948,5.3939730209796855,3,3
80,80,1630535,Greg Brown III,21.0,0.588,2.979166666666667,0.6354166666666666,0.1555,1.40625,0.3645833333333333,0.5208333333333333,3.84375,3,3
81,81,1628972,Troy Brown Jr.,23.0,0.4192857142857144,5.375391749889374,2.075961579523874,0.2805714285714286,3.613222333627887,1.449300790550334,0.5938030122356027,5.559495430887466,3,3
82,82,1628973,Jalen Brunson,26.0,0.495,10.30536509548742,2.9931530201998022,0.3792,3.294879382945169,4.647157665325811,0.6485926295353639,13.266374758129732,0,0
83,83,1629091,Elijah Bryant,26.0,0.462,13.0,5.0,0.2,6.0,3.0,0.0,16.0,0,0
84,84,1628418,Thomas Bryant,24.0,0.5492,6.408132045088567,1.535096618357488,0.311,4.946908212560386,1.1667954911433172,0.3159178743961353,9.3956038647343,1,1
85,85,1629783,Shaq Buchanan,25.0,0.25,2.0,1.0,0.0,1.0,1.0,0.5,1.0,2,2
86,86,203493,Reggie Bullock,31.0,0.3859999999999999,5.834540029132264,3.756225270528668,0.3462857142857143,2.3237713134978475,1.063574729355358,0.577461409105628,6.74618036982966,0,0
87,87,203504,Trey Burke,29.0,0.4297692307692307,8.573635450156656,3.0276173247161475,0.3696153846153845,1.6703800535991271,2.9231269739991417,0.5617941820122971,9.486774556889191,0,0
88,88,202692,Alec Burks,30.0,0.41825,8.456457173015721,2.8482876658074536,0.3498124999999999,3.4651465381315663,2.0000646114799885,0.6718029176408901,10.504251832540133,0,0
89,89,1630215,Jared Butler,21.0,0.404,3.595238095238096,2.095238095238096,0.318,1.0714285714285714,1.5,0.4047619047619047,3.8333333333333335,3,3
90,90,202710,Jimmy Butler,33.0,0.4604285714285714,12.820478881331285,2.608206640207766,0.3217857142857142,5.318597013034639,4.194212042343582,1.686631915353288,18.20810521008065,4,4
91,91,1629719,Devontae Cacok,25.0,0.5876666666666667,3.1722222222222225,0.0,0.0,3.133333333333333,0.4833333333333334,0.2611111111111111,3.6722222222222234,1,1
92,92,203484,Kentavious Caldwell-Pope,29.0,0.427,9.671535843780942,4.758098720412634,0.3738,3.208483225735518,1.82900189777515,1.1042125897738626,11.586960542890765,0,0
93,93,1630267,Facundo Campazzo,31.0,0.3306666666666666,3.8,2.597435897435897,0.3286666666666666,1.287179487179487,2.817948717948718,1.228205128205128,4.233333333333333,0,0
94,94,1628427,Vlatko Cancar,25.0,0.35475,1.5152148664343787,0.5083623693379791,0.25575,1.000116144018583,0.4222706155632985,0.1182636469221835,1.8551974448315915,3,3
95,95,203991,Clint Capela,28.0,0.6004444444444444,7.965242632904325,0.0044460044460044,0.0,9.967373535283985,0.8999813375435265,0.6778837791275603,11.162303867278991,1,1
96,96,1630176,Vernon Carey Jr.,21.0,0.52725,1.8963032581453636,0.0921052631578947,0.03575,1.6796679197994988,0.0263157894736842,0.2304197994987468,2.819548872180451,3,3
97,97,1628975,Jevon Carter,27.0,0.3917142857142857,3.84036003976034,2.4003694955718946,0.3722857142857143,1.83809221762745,1.6221979170255032,0.6849993834251705,4.172732165385837,3,3
98,98,1628976,Wendell Carter Jr.,23.0,0.5007142857142857,9.099566459075088,1.62906149968228,0.2632857142857143,8.80520303687033,1.9699890453313185,0.6174816476485644,12.033906718021496,1,1
99,99,203487,Michael Carter-Williams,29.0,0.3915833333333333,8.795410603671323,1.7330109829498437,0.2474999999999999,4.060371570160615,4.1989794399355445,1.191937360660971,9.470297584229693,0,0
101,101,1627936,Alex Caruso,28.0,0.4171666666666667,5.050755543969116,2.17873364323112,0.3595,2.6499037228460587,2.7712563267641066,1.2184212024261434,6.20478185213178,0,0
102,102,1626161,Willie Cauley-Stein,28.0,0.5022727272727272,4.885246969035346,0.0691040448183864,0.1673636363636363,4.676561501563362,1.097074354308491,0.6364534566961958,6.269867875433872,1,1
103,103,1630551,Justin Champagnie,21.0,0.463,1.8611111111111112,0.7777777777777778,0.357,2.0,0.3055555555555556,0.2222222222222222,2.25,3,3
104,104,1629597,Zylan Cheatham,26.0,0.3335,2.625,1.125,0.0,1.125,0.375,0.125,1.5,2,2
105,105,1629185,Chris Chiozza,26.0,0.3349999999999999,3.63568316215375,1.9107899725546784,0.3668333333333333,1.3708549076196137,2.376263333616275,0.5340838355544238,3.498008092125739,3,3
106,106,1627737,Marquese Chriss,24.0,0.414625,5.43967139895098,1.7487421235654916,0.236625,4.340051724553132,0.8494886230313492,0.4555850983948639,6.116802651952286,3,3
107,107,1630528,Josh Christopher,20.0,0.4024999999999999,5.128378378378379,2.027027027027027,0.148,2.006756756756757,1.3885135135135136,0.4391891891891892,5.341216216216216,3,3
108,108,1629634,Brandon Clarke,26.0,0.6145,7.308206549532437,0.8380707554061952,0.2115,5.1128369739918185,1.4876178039158383,0.6445120726183519,10.65354964202221,1,1
109,109,203903,Jordan Clarkson,30.0,0.4448461538461538,12.851770753556004,5.368859116126716,0.3535384615384615,3.1377563569984748,2.6671576940348607,0.7648267235439902,15.274922016628931,0,0
110,110,1629651,Nicolas Claxton,23.0,0.62475,5.287067819148937,0.2057291666666666,0.0857499999999999,5.53446365248227,0.8141400709219858,0.4240137411347517,7.837101063829788,1,1
111,111,1629599,Amir Coffey,25.0,0.379,3.6486330698287217,1.6273605621431708,0.27625,1.3734903381642511,0.956219806763285,0.3264437856829161,4.5312637241985065,3,3
113,113,1628381,John Collins,25.0,0.5630000000000001,12.151322401588962,2.811918580677744,0.3681666666666666,8.823127310399068,1.3873759281262945,0.7337803474348856,17.402986424477827,4,4
114,114,1628380,Zach Collins,24.0,0.4704,5.258225108225108,1.615021645021645,0.345,4.458658008658008,1.6686147186147184,0.4202164502164502,6.491861471861472,3,3
115,115,201144,Mike Conley,35.0,0.4277499999999999,11.995316325677123,4.377647605850535,0.37,2.927523954302857,5.673244326995387,1.3849570345997118,14.68592121958836,4,4
116,116,1626192,Pat Connaughton,29.0,0.4307142857142857,4.501876427446637,2.773630522491012,0.3617142857142857,3.1025475439767183,1.1648984132797675,0.4321589511828704,5.418593159152812,3,3
117,117,1626188,Quinn Cook,28.0,0.4604444444444444,4.8093106046004594,1.952954429584864,0.418,1.1195468454526425,1.5714581770741192,0.2656295553034683,5.528241423712439,3,3
118,118,1629076,Tyler Cook,24.0,0.5935714285714286,1.753192343370915,0.0191326530612244,0.1428571428571428,1.91802750820608,0.2692566362209219,0.2939132296275153,2.8173576423576425,3,3
119,119,1630536,Sharife Cooper,21.0,0.214,1.0769230769230769,0.4615384615384615,0.167,0.3846153846153846,0.3846153846153846,0.0,0.5384615384615384,2,2
120,120,1627822,Petr Cornelie,26.0,0.333,1.1538461538461535,0.6153846153846154,0.125,1.0769230769230769,0.2307692307692307,0.0769230769230769,1.0769230769230769,2,2
121,121,203496,Robert Covington,31.0,0.4178125,8.649408594038619,5.639045473241362,0.3616875,5.496912337532224,1.3107254140432931,1.5172695295178624,10.632813112583204,0,0
122,122,1628470,Torrey Craig,31.0,0.4623,4.65687997708662,2.4351816629392693,0.3484,3.647023414700392,0.958765314835041,0.5226474005016094,5.572239592904653,3,3
123,123,203109,Jae Crowder,31.0,0.416375,7.873079475129393,4.501138364442507,0.339125,4.237443854228125,1.5985226066535547,0.9767219742593568,9.504918577259254,0,0
124,124,1629633,Jarrett Culver,23.0,0.3976666666666666,5.873857050327639,2.112343435872848,0.2663333333333333,2.573733397262809,1.1146019969549383,0.6484341484341484,6.00466012230718,3,3
125,125,1630595,Cade Cunningham,21.0,0.408,17.5546875,5.3359375,0.317,5.165625,5.78125,1.209375,18.703125,4,4
126,126,203099,Jared Cunningham,25.0,0.352875,2.004823794626426,0.7480044626426205,0.274,0.7467323794626426,0.4589057324254693,0.2508557232241443,2.321172248803828,3,3
127,127,203552,Seth Curry,31.0,0.3737499999999999,6.704665169591156,3.3640121842835664,0.45975,1.812791139888179,1.7055280834063729,0.7502999651437151,8.484106431598208,0,0
128,128,201939,Stephen Curry,34.0,0.4705,17.516913572742105,9.03397271848525,0.4202142857142857,4.754078827443313,6.394304696787665,1.5682785783341906,24.25039797962601,4,4
129,129,203076,Anthony Davis,29.0,0.5156363636363636,17.32358449680851,1.773172721882833,0.2324545454545454,10.016597407786778,2.3892643161194496,1.4818497402198745,23.6489230732516,4,4
130,130,1629056,Terence Davis,25.0,0.4333333333333333,7.328091181827922,4.235572103765612,0.3583333333333333,2.775004315630321,1.347191715180304,0.766051912568306,8.76707754443611,0,0
131,131,1629602,Javin DeLaurier,24.0,0.0,0.0,0.0,0.0,1.0,0.0,1.0,0.0,2,2
132,132,201942,DeMar DeRozan,33.0,0.4694285714285714,16.095046801799732,1.4511749564080556,0.2677142857142857,4.392444925143895,4.045771307295439,0.9930796656565098,21.05160233677273,4,4
133,133,1630466,Gabriel Deck,27.0,0.5245,4.35,1.0357142857142856,0.3165,2.4285714285714284,1.5571428571428572,0.4714285714285714,5.485714285714286,3,3
134,134,203473,Dewayne Dedmon,33.0,0.4870666666666666,4.267312498936821,1.0143875809452487,0.1644,5.051854422622912,0.5243451452514856,0.4302665917798752,5.345721904384858,1,1
135,135,1626155,Sam Dekker,28.0,0.3378571428571428,3.624742833057996,1.043365185945113,0.2092857142857143,2.3210178988333934,0.6371383638571574,0.5566951609195809,4.169783909709357,3,3
136,136,1628978,Donte DiVincenzo,25.0,0.3967142857142857,6.96915315621198,4.194619989409905,0.3291428571428572,3.6609803517366544,2.233235031386292,0.9233598085698924,8.008944022053267,0,0
137,137,1629603,Mamadi Diakite,25.0,0.466,3.2362637362637363,0.478021978021978,0.0625,3.483516483516484,0.3626373626373626,0.4065934065934066,3.725274725274725,1,1
138,138,1628977,Hamidou Diallo,24.0,0.4467142857142857,7.186964826006519,1.203048574694553,0.2455714285714286,4.120753838093881,1.2461600587069104,0.7282088573521902,8.525097933014745,3,3
139,139,203476,Gorgui Dieng,32.0,0.491,5.015922738782906,1.2779240569684884,0.3806428571428571,4.938951201859591,1.334072901644394,0.6857252129856779,6.762327557708865,0,0
140,140,203915,Spencer Dinwiddie,29.0,0.4107272727272727,9.363122368319384,4.020677104640336,0.3212727272727272,3.0520351395501364,4.322425808706281,0.5949064925809004,11.95110941386667,0,0
141,141,1629029,Luka Doncic,23.0,0.4652,21.02006101366757,8.512923560956349,0.3218,8.764162495064134,8.2714752187703,1.241876202122104,28.48463347217445,4,4
142,142,1629652,Luguentz Dort,23.0,0.3795,11.444827802916038,5.749786324786324,0.28325,3.560369532428356,1.641949472096531,1.057114127702363,12.898271744595275,0,0
143,143,1630245,Ayo Dosunmu,22.0,0.515,8.374025974025974,3.207792207792208,0.413,3.8896103896103895,3.4623376623376627,0.9896103896103896,10.709090909090907,0,0
144,144,1629653,Devon Dotson,22.0,0.501,2.0,0.7272727272727273,0.1825,0.6363636363636364,1.0,0.2272727272727273,2.3636363636363638,3,3
145,145,1629635,Sekou Doumbouya,21.0,0.4646666666666667,5.082080200501253,1.8775062656641603,0.3373333333333333,2.8862781954887216,0.4464285714285714,0.818295739348371,6.1613408521303255,3,3
146,146,1630288,Jeff Dowtin,25.0,0.26775,2.5347222222222223,1.0,0.0635,1.625,0.9027777777777778,0.4513888888888889,1.7152777777777777,2,2
147,147,1628408,PJ Dozier,25.0,0.4152,4.502758620689655,1.7339310344827583,0.2449999999999999,2.473977011494253,1.291371647509579,0.4094406130268199,4.609731800766284,3,3
148,148,201609,Goran Dragic,36.0,0.4454285714285715,9.910777879206131,3.229627230498596,0.3614761904761905,2.9235362137302934,4.364425190390593,0.901401123827459,12.2539407270673,0,0
149,149,203083,Andre Drummond,29.0,0.5395882352941177,10.499165791769958,0.2750026767677454,0.1016470588235294,12.354788438577746,1.5913592396001643,1.322837710366278,13.407171340277324,1,1
150,150,1630537,Chris Duarte,25.0,0.379,9.945454545454544,4.218181818181819,0.316,3.1545454545454548,1.5363636363636364,0.609090909090909,10.445454545454544,0,0
151,151,1630561,David Duke Jr.,23.0,0.514,5.454545454545455,1.3409090909090908,0.1215,4.0227272727272725,0.8863636363636364,0.3181818181818182,7.363636363636363,1,1
152,152,1627739,Kris Dunn,28.0,0.3648333333333333,7.468684909861381,1.5135949586077464,0.2188333333333333,3.1817468905064814,3.9880913346386486,1.433585028214184,7.436080117665795,0,0
153,153,201142,Kevin Durant,34.0,0.5020666666666666,18.728564692093386,5.037348731174305,0.3814666666666666,6.910867717455115,4.3642193992988485,1.025401888038688,27.51002423421853,4,4
154,154,1630693,Jaime Echenique,25.0,0.0,0.0,0.0,0.0,0.0,0.0,0.0,0.0,2,2
155,155,1630162,Anthony Edwards,21.0,0.4403333333333333,17.703703703703706,8.06111111111111,0.345,5.610185185185185,3.783333333333333,1.0657407407407409,21.141666666666666,4,4
156,156,1630556,Kessler Edwards,22.0,0.3725,3.53125,1.9166666666666667,0.4265,2.291666666666667,0.8229166666666667,0.5520833333333333,3.7083333333333335,3,3
157,157,1630306,Rob Edwards,25.0,0.25,2.0,2.0,0.25,1.5,0.0,0.0,1.5,2,2
158,158,1629604,CJ Elleby,22.0,0.386,3.755172413793104,1.6528735632183909,0.25,2.490229885057471,0.9166666666666666,0.4017241379310344,4.055747126436781,3,3
159,159,201961,Wayne Ellington,34.0,0.41,7.047213562052146,4.337791488810808,0.3821764705882353,2.066189781759236,1.1477816031676902,0.5911709408809251,8.100772582768908,0,0
160,160,203954,Joel Embiid,28.0,0.4918571428571429,17.297995690211568,3.4786891503913395,0.3331428571428572,10.90034663058772,3.163430345256382,0.802819488010258,25.754691621272165,4,4
161,161,1629234,Drew Eubanks,25.0,0.5792857142857143,3.9541141903689865,0.1787883903434348,0.3727142857142857,4.319955334407264,0.8532063054926946,0.3668100344694068,6.029035977521924,3,3
162,162,203957,Dante Exum,25.0,0.431,4.543724263541337,1.6735023360785557,0.299,1.90049328212438,1.8884769955654104,0.4189935064935064,5.277264478407772,3,3
163,163,1629605,Tacko Fall,26.0,0.6423333333333333,1.5390749601275917,0.0,0.0,2.3235361130097973,0.1608566871724766,0.0651629072681704,2.283435862383231,1,1
164,164,202324,Derrick Favors,30.0,0.5362142857142858,7.646865749163715,0.2032608278402835,0.0839285714285714,6.799431536351254,1.0069294183507538,0.6794704948586654,9.895408172221224,1,1
165,165,1628981,Bruno Fernando,24.0,0.6036666666666667,2.4200396825396826,0.1563311688311688,0.2725,3.163780663780664,1.068560606060606,0.1793290043290043,3.685750360750361,3,3
166,166,1627827,Dorian Finney-Smith,29.0,0.4288571428571428,6.52290196203677,3.846106045443738,0.326,4.384242447631113,1.3455327201303058,0.7600695886074826,7.65241892270732,0,0
167,167,1630238,Malik Fitts,24.0,0.394,1.200595238095238,0.6636904761904762,0.5,1.1092261904761904,0.2395833333333333,0.0,1.2830357142857145,3,3
168,168,1630201,Malachi Flynn,24.0,0.4223333333333333,4.7977111540941335,2.7066408768536427,0.418,1.2999677627337205,1.501934235976789,0.4210186976144422,5.435364281108963,3,3
169,169,1627854,Bryn Forbes,29.0,0.4042222222222221,6.574192261367058,3.677830472749172,0.3575555555555555,1.383407321374801,1.069622962102637,0.3366810771282316,7.840470060652986,3,3
170,170,1630235,Trent Forrest,24.0,0.3136666666666667,1.65,0.4388888888888889,0.1256666666666666,1.0388888888888888,1.4222222222222225,0.2666666666666666,2.061111111111112,2,2
171,171,203095,Evan Fournier,29.0,0.4457692307692307,11.325913542401802,5.4270754707300135,0.3883076923076923,2.7263255788970864,2.6627530660945444,0.9226671576023318,14.192640786663873,0,0
172,172,1628368,De'Aaron Fox,24.0,0.4816666666666666,16.48325737639995,4.137519880762742,0.3353333333333333,3.925999743314732,6.170652864046853,1.325733697211539,21.46834042175818,4,4
173,173,1628365,Markelle Fultz,24.0,0.4314,9.906182121971597,1.1255430242272346,0.2075999999999999,3.181683375104428,4.578195488721805,1.0225981620718465,10.218483709273183,0,0
174,174,1629117,Wenyen Gabriel,25.0,0.3395555555555555,2.18187504503294,0.7411233990181357,0.2438888888888889,2.1449190186032294,0.3699705752337331,0.2287242971453498,2.668028268028268,3,3
175,175,1629655,Daniel Gafford,24.0,0.6925,4.341288447111778,0.0023148148148148,0.0,4.213911645181827,0.5483299669522856,0.451247725377399,7.113077358510321,1,1
176,176,201568,Danilo Gallinari,33.0,0.4246,10.71759590422906,4.902567514782819,0.3767999999999999,4.730546198451347,1.862853229591083,0.7400275910144937,15.139869767858242,0,0
177,177,204038,Langston Galloway,30.0,0.3571666666666666,6.313943948475259,3.365343681513008,0.3195833333333333,2.401722939527403,1.6092004003549254,0.5190562706419409,6.43471470074708,0,0
178,178,1629636,Darius Garland,22.0,0.391,12.987327369742625,4.404836416675898,0.28325,2.141090617037776,5.386869484140172,1.310727539603412,13.856668420663931,4,4
179,179,1630585,Marcus Garrett,23.0,0.238,1.75,0.3333333333333333,0.25,1.9166666666666667,0.5833333333333334,0.4166666666666667,1.0833333333333333,2,2
180,180,1630586,Usman Garuba,20.0,0.5015,2.083333333333333,0.5833333333333334,0.625,4.5625,0.8541666666666667,0.875,2.666666666666667,3,3
181,181,1630568,Luka Garza,23.0,0.449,4.59375,1.53125,0.327,3.125,0.625,0.28125,5.8125,3,3
182,182,200752,Rudy Gay,36.0,0.443952380952381,13.737565329577762,3.119919974493768,0.3471428571428571,5.73989812156275,2.172019842976588,1.171687520515693,16.237013736456326,4,4
183,183,202331,Paul George,32.0,0.4308461538461538,15.45970776774671,6.4218206680138685,0.3695384615384615,6.258710896716897,3.5361849225461564,1.6245229922979678,19.543802070483306,4,4
184,184,201959,Taj Gibson,37.0,0.4907499999999999,6.78529697277871,0.2449237200655277,0.183,5.588885207461662,0.8889724554730206,0.5219767993138593,8.371076116462032,1,1
185,185,1630581,Josh Giddey,20.0,0.4355,13.203703703703702,4.138888888888889,0.2855,8.064814814814815,5.694444444444445,0.6388888888888888,13.407407407407408,4,4
186,186,1628385,Harry Giles III,23.0,0.4966666666666666,4.669717772692601,0.2507298982087904,0.1159999999999999,3.8048475762118943,1.1776743207343696,0.4077566479917935,5.582051079723296,1,1
187,187,1628983,Shai Gilgeous-Alexander,24.0,0.4772,16.23205574912892,3.9383101045296174,0.3687999999999999,4.634425087108014,4.986393728222996,1.367717770034843,21.46043554006969,4,4
188,188,1630264,Anthony Gill,30.0,0.4813333333333333,2.261655011655012,0.8379953379953381,0.2766666666666666,1.7144522144522143,0.4289044289044288,0.1660839160839161,3.0559440559440563,3,3
189,189,1630273,Freddie Gillespie,25.0,0.4665,3.3222222222222224,0.0555555555555555,0.0,4.425,0.5027777777777778,0.4916666666666667,3.9416666666666655,1,1
190,190,203497,Rudy Gobert,30.0,0.6340999999999999,6.993286021924009,0.0353680011689859,0.0,11.586663777806736,1.2420108076000336,0.6496636336330975,12.174161720213124,1,1
191,191,1630692,Jordan Goodwin,24.0,0.5,1.25,0.25,0.0,1.75,0.0,0.0,1.0,2,2
192,192,203932,Aaron Gordon,27.0,0.4663636363636362,10.619647826691883,3.4158005819037585,0.2929090909090909,6.231923003687908,2.6101995557673265,0.6684524262687351,12.930308935043689,0,0
193,193,201569,Eric Gordon,33.0,0.4297999999999999,13.050648406291492,6.127331581110799,0.358,2.3836665579895797,2.8819922088805723,0.8738245923142288,16.479304266133536,4,4
194,194,1628984,Devonte' Graham,27.0,0.3562,9.523737406758002,6.299354215578472,0.3598,2.1009002083601627,4.325631271855528,0.7082129566340092,10.969355833589242,0,0
195,195,203924,Jerami Grant,28.0,0.4439090909090908,8.832735605544947,2.915846430489981,0.3184545454545454,3.725948759457127,1.2764120203883056,0.5441836365608852,11.480891954106305,0,0
196,196,1629755,Hassani Gravett,25.0,0.474,4.75,3.25,0.423,2.625,2.5,0.625,6.25,0,0
197,197,201980,Danny Green,35.0,0.4208461538461538,6.768214128388423,4.38017236777516,0.3861538461538461,3.160781653287445,1.375458903664028,0.9365054496537736,8.024036463783862,0,0
198,198,203110,Draymond Green,32.0,0.4495454545454546,7.127486256910159,2.4546927955813724,0.2914545454545454,6.797860456700072,5.649054973116699,1.3626677335349942,8.685086333086062,4,4
199,199,203210,JaMychal Green,32.0,0.4933076923076923,5.361773981845238,1.9341490057441095,0.278076923076923,4.962868298783148,0.7196688101628529,0.5375272941181108,6.744375297772686,1,1
200,200,1630224,Jalen Green,20.0,0.4265,16.719402985074627,7.017910447761194,0.38,4.086567164179105,2.5134328358208955,0.7283582089552239,19.93432835820896,4,4
201,201,1629750,Javonte Green,29.0,0.5061666666666667,3.1150508130081302,0.992175578486554,0.3174999999999999,2.297143527204503,0.6490629560141755,0.8264493433395872,4.353218157181572,3,3
202,202,201145,Jeff Green,36.0,0.454086956521739,9.912893066828554,3.0642997866960746,0.3372173913043479,4.030572180785333,1.4958366360080333,0.6763287751499079,12.30212016430399,0,0
203,203,1630182,Josh Green,21.0,0.5976666666666667,2.5685036356678146,1.0184015818344176,0.4396666666666666,2.300995024875622,0.9656843985202196,0.5272994004337288,3.950312539864779,3,3
204,204,201933,Blake Griffin,33.0,0.4464117647058823,13.604538470208482,2.996935437354275,0.287,7.103942698032951,3.9916264729294633,0.7422235628353148,17.34099481675643,4,4
205,205,1629656,Quentin Grimes,22.0,0.404,5.108695652173913,4.108695652173913,0.381,2.0434782608695654,0.9565217391304348,0.6739130434782609,5.978260869565218,3,3
206,206,1629657,Kyle Guy,24.0,0.3766666666666666,2.642142991888323,1.529711375212224,0.211,0.7857008111677043,0.7534427466515751,0.1873231465761177,2.678173929447274,3,3
207,207,1629060,Rui Hachimura,24.0,0.48375,10.198504072681704,2.223645050125313,0.37275,4.852052005012531,1.2859884085213031,0.5225955513784462,12.48061560150376,0,0
208,208,1630169,Tyrese Haliburton,22.0,0.4808,12.39817631996131,5.233160713525825,0.4131999999999999,3.8862745503313456,8.098345197736679,1.6000548606228118,16.52737227613495,4,4
210,210,1630181,R.J. Hampton,21.0,0.4014,5.381729826546003,1.687820701357466,0.3514,2.900518476621418,1.7084649321266965,0.4766798642533937,6.0591295248868775,3,3
211,211,203501,Tim Hardaway Jr.,30.0,0.41225,12.056538801919729,6.261597839154248,0.3513333333333333,2.8794309624115466,1.9126066176597671,0.6382016270095273,14.469404452524357,0,0
212,212,201935,James Harden,33.0,0.4423333333333333,16.42884231342229,7.590306639094676,0.3598333333333332,6.1665356139859,7.86500519460538,1.411343460487959,24.5035639874349,4,4
213,213,203090,Maurice Harkless,29.0,0.4599285714285714,5.113311930987094,1.8838676918433064,0.3168571428571428,3.2434601189202854,0.9863108945200516,0.8639921632764693,6.139312589874799,0,0
214,214,1629607,Jared Harper,24.0,0.2626666666666666,2.344444444444445,1.0638888888888889,0.1389999999999999,0.2166666666666666,0.975,0.2666666666666666,2.8138888888888887,2,2
215,215,1626149,Montrezl Harrell,28.0,0.5883,7.194677046687761,0.1521918415328284,0.0964,4.752743922278411,1.3334233434154723,0.4491886075086804,11.237729065882574,1,1
216,216,203914,Gary Harris,27.0,0.4244999999999999,9.47544710933836,3.9944089978677177,0.3454,2.362510296066856,2.032411398628029,1.0503870068693064,11.234275141890722,0,0
217,217,203925,Joe Harris,31.0,0.4225555555555555,7.116736504298761,4.330033849679832,0.3994444444444445,2.996981721359161,1.4379871712419834,0.3804183880910223,8.952561029105652,0,0
218,218,202699,Tobias Harris,30.0,0.4710499999999998,12.703598179592628,3.7168145840925697,0.3568999999999999,6.172549655845229,2.2236416669726298,0.7470680600105863,15.74744255599921,0,0
219,219,1627885,Shaquille Harrison,28.0,0.3837142857142858,3.5637832899549005,0.819731679532763,0.1834285714285714,1.9897948458716423,1.3058330247898984,0.7343300770312974,3.771926846281818,3,3
220,220,1628404,Josh Hart,27.0,0.47575,8.70126408347456,3.933608090880532,0.367375,6.520216497112376,2.8989987250615865,1.0671196087707524,11.758570255011923,0,0
221,221,1628392,Isaiah Hartenstein,24.0,0.5737142857142857,4.011605729248221,0.4111840388329245,0.2332857142857143,4.427440541433965,1.266702333107156,0.5223298014858118,5.845934895697409,1,1
222,222,2617,Udonis Haslem,42.0,0.4543,4.776435125734606,0.1793239357180931,0.05095,5.064825884867765,0.6067827780210646,0.3434569531595808,5.632357357141218,1,1
223,223,1630573,Sam Hauser,24.0,0.5025000000000001,2.3365384615384617,2.2211538461538463,0.4885,1.0576923076923077,0.3173076923076923,0.1442307692307692,3.625,3,3
224,224,1629637,Jaxson Hayes,22.0,0.47825,3.849813988095239,0.5275297619047619,0.2575,3.4575520833333333,0.643154761904762,0.3235863095238095,6.050297619047619,3,3
225,225,1630165,Killian Hayes,21.0,0.301,6.895104895104896,2.5665112665112666,0.236,2.545221445221445,4.234887334887335,1.006759906759907,5.477622377622378,0,0
226,226,202330,Gordon Hayward,32.0,0.4656153846153846,11.429042611497431,3.5351340657163166,0.3445384615384616,4.325813536825821,3.33666701838937,0.9073275986592932,14.9736125186637,0,0
227,227,1630565,Aaron Henry,22.0,0.2,0.8333333333333334,0.1666666666666666,0.0,0.1666666666666666,0.0,0.0,0.3333333333333333,2,2
228,228,1627823,Juancho Hernangomez,27.0,0.3629166666666667,3.7216314079395207,2.097364240361157,0.2785833333333333,3.208870855276216,0.6052363054402902,0.4432913343859738,4.601843427059271,3,3
229,229,1626195,Willy Hernangomez,28.0,0.5180000000000001,4.619479712442224,0.3115200015253266,0.2777777777777778,5.242822795697167,0.85197517814474,0.3548011141324437,6.210775841988932,1,1
230,230,1629639,Tyler Herro,22.0,0.43775,13.97929292929293,6.0590909090909095,0.36825,5.296801346801347,3.2313973063973065,0.6082491582491583,16.70345117845118,4,4
231,231,1627741,Buddy Hield,29.0,0.4274545454545455,12.922534617478522,7.496276099186776,0.3953636363636363,4.280688113151457,2.573410978583759,0.7535010994088084,15.269820654082242,4,4
232,232,201588,George Hill,36.0,0.4751428571428571,7.726182180856202,2.9579374414098702,0.3848571428571429,2.7885410037594496,2.975599478887037,0.8566332664495265,10.127738249252513,0,0
233,233,203524,Solomon Hill,31.0,0.3571818181818181,4.137764407998898,2.196476775490369,0.3023636363636363,2.7687597233259336,1.3721781776292152,0.6449183973499782,4.477364638259468,3,3
234,234,1630207,Nate Hinton,23.0,0.1785,1.25,0.4523809523809524,0.1055,0.2142857142857142,0.1904761904761904,0.1666666666666666,0.9761904761904762,2,2
235,235,1628988,Aaron Holiday,26.0,0.4185714285714286,5.942474118989799,2.1502130312583274,0.3952857142857143,1.7318250700132236,2.2504040906828364,0.7172167669728645,6.724407791202216,3,3
236,236,201950,Jrue Holiday,32.0,0.4482142857142857,14.028715211384812,3.921948420195967,0.3593571428571429,4.092803200155212,6.531560643001469,1.5083081752182967,15.9385825867965,4,4
237,237,203200,Justin Holiday,33.0,0.3793125,7.229896345587856,4.398070062303069,0.3443749999999999,2.6327008015012874,1.5257740088551923,0.890820867950125,7.891270669932286,0,0
238,238,1626158,Richaun Holmes,29.0,0.6140000000000001,6.05965104907168,0.3938618255398219,0.1554999999999999,5.458838387385833,0.9336910874731098,0.5718747516785887,8.966370675211413,1,1
240,240,203918,Rodney Hood,29.0,0.41375,7.795001418381696,3.356365268846131,0.3660624999999999,2.2876359444297,1.3692631307845469,0.6048576256022485,9.011270484341606,0,0
241,241,201143,Al Horford,36.0,0.5076875,10.879251902164976,2.049828440689066,0.3531249999999999,7.838332416537044,3.13273746531129,0.7658309726432012,13.396870710541672,0,0
242,242,1629659,Talen Horton-Tucker,21.0,0.44325,7.222435897435897,2.5538461538461537,0.2815,2.595833333333333,2.108653846153846,1.171474358974359,8.204166666666666,0,0
243,243,1627863,Danuel House Jr.,29.0,0.3322,4.644063093910921,2.80448099485056,0.2691,2.5449210463449594,0.981358961087222,0.4314356983596114,5.600850944948771,3,3
244,244,2730,Dwight Howard,36.0,0.5957777777777777,9.494583301480908,0.0826999342615854,0.1655,11.533644741647088,1.295026958542716,0.8633315949455024,15.378109091301804,1,1
245,245,1630210,Markus Howard,23.0,0.3815,3.0614646904969485,2.0074106364428945,0.3385,0.4773321708805579,0.3561464690496949,0.1992153443766347,3.451176983435048,3,3
246,246,1628989,Kevin Huerter,24.0,0.432,10.253466062335628,5.813841866711432,0.393,3.473670751496839,3.228580325667282,0.791805998545129,12.024943315986794,0,0
247,247,1630643,Jay Huff,24.0,0.0,0.75,0.5,0.0,1.0,0.25,0.25,0.0,2,2
248,248,1630190,Elijah Hughes,24.0,0.343,3.286796536796537,2.240530303030303,0.298,1.297258297258297,0.52507215007215,0.2961760461760461,3.016594516594517,3,3
249,249,1630624,Feron Hunt,22.0,0.0,1.0,0.0,0.0,0.5,0.5,0.5,0.0,2,2
250,250,1629631,De'Andre Hunter,24.0,0.4695,11.1182337851739,4.0337692227560975,0.35425,4.223261488078961,1.680960030990794,0.6759362344883263,13.983271644725706,0,0
251,251,1628990,Chandler Hutchison,26.0,0.4121666666666666,3.791164021164021,0.8096055796055796,0.2768333333333333,3.0157311207311204,0.6680471380471381,0.4534968734968734,4.169381914381915,3,3
252,252,1630538,Nah'Shon Hyland,22.0,0.357,8.63768115942029,4.594202898550725,0.358,1.8623188405797104,3.2840579710144926,0.2971014492753623,9.657971014492754,0,0
253,253,201586,Serge Ibaka,33.0,0.5086111111111111,9.16917441671729,2.153917361141586,0.3666111111111111,6.588568398511543,0.8207554036899529,0.3641504161412082,11.317452733719913,0,0
254,254,2738,Andre Iguodala,38.0,0.4595555555555555,8.340112436441164,2.633939604493668,0.3265555555555556,4.783895247547172,4.085919569421183,1.3706966210557945,10.624608915493688,0,0
255,255,204060,Joe Ingles,34.0,0.44325,6.814017400881942,4.507906675052408,0.401375,3.2369799619588133,3.7713525519933855,0.8924187581027888,8.627738211215712,0,0
256,256,1627742,Brandon Ingram,25.0,0.4768571428571428,14.552439111410788,3.53399364933771,0.3834285714285714,5.281738481442252,3.938972274588481,0.7939993578134861,19.42409757750329,4,4
257,257,202681,Kyrie Irving,30.0,0.46875,18.79754391268553,6.172736673863888,0.3807500000000001,4.070217820426659,5.643012415012717,1.350804474552821,23.993967154972943,4,4
258,258,1628371,Jonathan Isaac,22.0,0.426,7.760580973129993,2.671692084241104,0.337,5.313594771241831,1.0483660130718957,1.1892374727668846,8.950907770515613,0,0
259,259,1628411,Wes Iwundu,27.0,0.3855714285714285,3.650394606968161,1.163898561906152,0.2667142857142857,2.633120694270865,0.6378545496720767,0.4069452391710074,4.157750473433696,3,3
260,260,1628402,Frank Jackson,24.0,0.4245,7.344061472788563,3.5563301781941528,0.33875,1.848752601613656,1.025695423781239,0.3956014052645651,8.679731856857513,3,3
261,261,1630543,Isaiah Jackson,20.0,0.573,5.261111111111111,0.3222222222222222,0.1565,4.269444444444445,0.538888888888889,0.5472222222222223,8.125,1,1
262,262,1628367,Josh Jackson,25.0,0.4065714285714286,8.25450685261155,2.8496134027143083,0.2715714285714286,3.352310407354312,1.498738771136869,0.7305175077538005,9.265473164797532,0,0
263,263,202704,Reggie Jackson,32.0,0.4186875000000001,11.31290416506033,3.839485647325849,0.3384374999999999,3.0360755036827785,4.516106172426919,0.658693473640416,12.712321742477815,0,0
264,264,1628991,Jaren Jackson Jr.,22.0,0.4535,12.002846593817557,4.874996827129314,0.33875,5.1857557143401065,1.1663356304917103,0.9062781592273426,15.449592603403854,0,0
265,265,2544,LeBron James,37.0,0.5042499999999999,19.714667827148286,4.840383022219644,0.34125,7.631160778251095,7.389632079533579,1.5168231633101978,27.019663867101336,4,4
266,266,1630610,DeJon Jarreau,24.0,0.0,0.0,0.0,0.0,0.0,0.0,0.0,0.0,2,2
267,267,1629660,Ty Jerome,25.0,0.37325,5.168866080156403,3.019703079178885,0.3315,1.5916116813294234,2.0816379521016617,0.4287328934506353,5.642656402737048,3,3
268,268,1630198,Isaiah Joe,23.0,0.348,2.404028085735403,1.846637102734664,0.2336666666666667,0.715410199556541,0.6247228381374722,0.2657427937915742,2.610569105691057,3,3
269,269,1628993,Alize Johnson,26.0,0.4061428571428571,2.037095635355592,0.2731940602327887,0.1488571428571428,3.0475494545644346,0.3431822004163984,0.2043668916842099,2.1809622399684514,3,3
270,270,1629661,Cameron Johnson,26.0,0.425,8.525558213716108,5.4448763955342905,0.382,3.6834330143540672,1.4109649122807018,0.7154704944178628,10.211662679425835,0,0
271,271,1630525,David Johnson,21.0,0.0,0.5,0.5,0.0,0.0,0.0,0.0,0.0,2,2
272,272,1630552,Jalen Johnson,20.0,0.496,2.3068181818181817,0.9204545454545454,0.2155,1.4659090909090908,0.0681818181818181,0.0681818181818181,3.3068181818181817,3,3
273,273,201949,James Johnson,35.0,0.4582,6.185670157813392,1.7486140370333945,0.2663,3.45618577832514,2.0488711726426474,0.7409679145317141,7.257495401196484,0,0
274,274,1629640,Keldon Johnson,23.0,0.4975,11.683171355498722,4.309326513213981,0.4299999999999999,5.304322250639387,2.035660699062233,0.8441432225063938,15.166734867860187,0,0
275,275,1630553,Keon Johnson,20.0,0.38575,5.699201474201474,2.2453726453726457,0.3235,2.204115479115479,1.6960892710892712,0.5444922194922195,5.744205569205569,3,3
276,276,1626169,Stanley Johnson,26.0,0.3902222222222222,5.719697133867421,2.5011359050056137,0.3014444444444444,2.9758787813367045,1.4075372305106697,0.8246176560549139,6.035690542952134,3,3
277,277,203999,Nikola Jokic,27.0,0.554125,13.785759903739356,2.842394020733062,0.337375,10.437264092002962,6.657751231539759,1.2412396771771772,20.1225114669464,4,4
278,278,1630637,Carlik Jones,24.0,0.2036666666666666,1.7111111111111112,0.1777777777777777,0.0,0.5333333333333333,0.888888888888889,0.1777777777777777,0.8222222222222223,2,2
279,279,1627745,Damian Jones,27.0,0.6332,2.6829560145736617,0.1449754657107598,0.1016999999999999,2.8997668507962624,0.6401241895359543,0.2611571271865389,4.456735862177039,1,1
280,280,1630529,Herbert Jones,24.0,0.422,6.85897435897436,2.083333333333333,0.252,3.564102564102564,2.0705128205128203,0.8333333333333334,8.423076923076923,0,0
281,281,1630539,Kai Jones,21.0,0.8215,0.5833333333333333,0.2976190476190476,0.75,0.2619047619047619,0.0952380952380952,0.0238095238095238,1.2738095238095235,3,3
282,282,1630200,Tre Jones,22.0,0.4633333333333333,5.940383862122992,1.091421856639248,0.3763333333333333,2.404648126387257,2.8769552160856517,0.8083039561300431,7.508682595639118,3,3
283,283,1626145,Tyus Jones,26.0,0.422875,6.181668780988885,2.2488903116314383,0.345,1.8203569448146253,3.65999778625157,0.8892048131013808,6.709130878681031,0,0
284,284,1627884,Derrick Jones Jr.,25.0,0.4765555555555556,3.812379217710853,1.2238668106699786,0.2436666666666666,2.6957054318253046,0.572555445322489,0.5069959638508303,5.273069406995216,3,3
285,285,201599,DeAndre Jordan,34.0,0.6726315789473685,5.019632853887624,0.0084329295888762,0.0131578947368421,9.434214738629288,1.0390854311325548,0.4631557572293562,8.278131845739665,1,1
286,286,202709,Cory Joseph,31.0,0.4433571428571429,5.874906050246556,1.5930918313391778,0.35,2.408222537679074,3.009888056823852,0.7430933198329698,6.903086495069005,0,0
287,287,1629662,Mfiondu Kabengele,23.0,0.37775,2.4756305741360087,1.432831661092531,0.30325,1.4847059643255296,0.3924888517279821,0.2084378483835005,2.8399526198439244,3,3
288,288,1630686,Georgios Kalaitzakis,23.0,0.4606666666666667,6.792022792022792,2.6481481481481484,0.4163333333333334,1.918091168091168,1.3076923076923077,1.1524216524216524,8.63105413105413,0,0
289,289,1626163,Frank Kaminsky,29.0,0.4524285714285714,7.607392113925914,2.899184697690847,0.3477142857142857,4.113976180592574,1.6273694141258557,0.4770314393655806,9.378010990216753,0,0
290,290,202683,Enes Kanter,30.0,0.5456000000000001,8.866606138586896,0.2861911067057259,0.3124,8.10637874418793,0.9390174102789388,0.4144382812738655,11.79304386607987,1,1
291,291,1628379,Luke Kennard,26.0,0.4558333333333333,8.389686163658766,4.44586685511343,0.4338333333333333,2.7737841559759366,1.991967456693484,0.4681814887294339,10.51894614771327,0,0
292,292,1628994,George King,28.0,0.0,0.625,0.5,0.0,1.125,0.0,0.0,0.125,2,2
293,293,1629663,Louis King,23.0,0.3999999999999999,4.155555555555556,1.877777777777778,0.3413333333333333,1.7333333333333334,0.9666666666666668,0.5222222222222223,4.611111111111111,3,3
294,294,1630557,Corey Kispert,23.0,0.455,6.675324675324675,4.155844155844156,0.35,2.7142857142857144,1.103896103896104,0.4545454545454545,8.233766233766234,3,3
295,295,1628467,Maxi Kleber,30.0,0.4643333333333332,5.362372055153745,3.4118408370174897,0.3865,4.834874908329193,0.9826633980602708,0.4490776297902104,7.2582133004334,0,0
296,296,1630233,Nathan Knight,25.0,0.2936666666666667,1.8028938028938029,0.4504504504504504,0.1633333333333333,1.8263718263718265,0.279006279006279,0.1539721539721539,2.495768495768496,2,2
297,297,1628995,Kevin Knox II,23.0,0.3435714285714285,4.902567796349309,2.5738824760673498,0.2842857142857143,2.100415550835719,0.4942918705943916,0.266817188413827,4.905481885061717,3,3
298,298,1629723,John Konchar,26.0,0.54525,4.011389908880728,2.207160342717258,0.441,3.879968210254318,1.0662017203862368,0.8602738678090576,5.554599313205494,3,3
299,299,1627788,Furkan Korkmaz,25.0,0.3173333333333333,5.107937898889391,3.1699647505617654,0.2809999999999999,1.669116673127867,0.9754502200397722,0.44998577638503,5.656540125849827,3,3
300,300,1630249,Vit Krejci,22.0,0.2035,2.783333333333333,1.6333333333333333,0.1635,1.6833333333333331,1.45,0.3166666666666666,3.1166666666666667,2,2
301,301,1629083,Arnoldas Kulboka,24.0,0.0,0.5,0.5,0.0,0.0,0.0,0.0,0.0,2,2
302,302,1630228,Jonathan Kuminga,20.0,0.4385,4.660714285714286,1.4392857142857145,0.168,2.671428571428572,0.4571428571428571,0.2214285714285714,6.1571428571428575,3,3
303,303,1628398,Kyle Kuzma,27.0,0.4533333333333333,13.381178119533956,5.607334155718919,0.3345,6.264605484518696,2.1805752454981,0.472027305706187,16.434901640735777,4,4
304,304,203897,Zach LaVine,27.0,0.4511111111111112,15.605349693428265,5.839129183482906,0.3998888888888888,3.956711568441913,3.819928724440506,0.95250302673656,20.455711763490186,4,4
305,305,1630237,Anthony Lamb,24.0,0.195,2.958333333333333,1.9791666666666667,0.162,1.7083333333333333,0.9791666666666669,0.125,2.770833333333333,2,2
306,306,203087,Jeremy Lamb,30.0,0.4211666666666666,7.637057347898037,2.9521578559314414,0.3338333333333333,3.314881811217038,1.4653737727335716,0.662832098354755,9.126169496315836,0,0
307,307,1629111,Jock Landale,27.0,0.481,5.638888888888889,2.074074074074074,0.263,4.152777777777778,0.5416666666666667,0.0925925925925925,7.328703703703704,3,3
308,308,1629641,Romeo Langford,23.0,0.4308333333333333,3.1147937710437703,1.0001578282828285,0.1921666666666666,1.528777356902357,0.4718539562289562,0.2948232323232323,3.373789983164983,3,3
310,310,1627774,Jake Layman,28.0,0.4096666666666667,3.9793502799500415,1.7451745139778714,0.273,1.5375280764820043,0.4856920532382511,0.4091080631749195,4.577639894496276,3,3
311,311,1627747,Caris LeVert,28.0,0.4248181818181818,13.72931826823869,4.524065118391968,0.3426363636363636,3.8958676152260634,4.502551401407188,1.078462031839904,15.71271167391422,4,4
312,312,1627814,Damion Lee,30.0,0.4304999999999999,6.819506230854915,3.437385626765326,0.3665,3.4151668854676376,1.514095133667502,0.7465065192743764,8.133476797151609,0,0
313,313,1630240,Saben Lee,23.0,0.4305,4.579391891891892,1.0503941441441442,0.2905,2.1860923423423424,3.258445945945946,0.8198198198198199,5.5920608108108105,3,3
314,314,203458,Alex Len,29.0,0.4908571428571428,4.721439060353943,0.5552989227387519,0.2842142857142857,4.926638512816593,0.7376284149203199,0.3250597875209676,6.397396745709615,1,1
315,315,202695,Kawhi Leonard,31.0,0.4880909090909089,13.48684480478017,3.840062649706789,0.3571818181818182,6.290473514535139,2.823652660244704,1.7497057376063525,18.455411993724564,4,4
317,317,1630575,Scottie Lewis,22.0,0.0,0.0,0.0,0.0,0.0,0.5,0.5,0.5,2,2
318,318,1630184,Kira Lewis Jr.,21.0,0.395,6.162037037037036,2.3194444444444446,0.2785,1.4699074074074074,2.1689814814814814,0.5810185185185185,6.113425925925926,3,3
319,319,203081,Damian Lillard,32.0,0.4403636363636364,18.63807648978156,8.462346608636231,0.3716363636363636,4.24943887485068,6.534503912456543,0.9241970549003644,25.37824253582254,4,4
320,320,1629642,Nassir Little,22.0,0.4755,4.63125,2.190625,0.3205,3.183928571428571,0.6558035714285714,0.3925595238095238,5.932142857142858,3,3
321,321,1630587,Isaiah Livers,24.0,0.4385,5.535087719298245,4.017543859649123,0.4255,2.666666666666667,1.219298245614035,0.8421052631578947,7.350877192982456,0,0
322,322,1626172,Kevon Looney,26.0,0.560625,3.287392866966993,0.2201815678817095,0.1659999999999999,4.2570849508252735,1.4355060302208449,0.3908985969648733,4.268147916648092,1,1
323,323,201572,Brook Lopez,34.0,0.4855333333333333,12.624694968666478,2.4582766088188195,0.1771333333333333,5.824240202634476,1.32721944400312,0.561282695274277,16.190668134009652,0,0
324,324,201577,Robin Lopez,34.0,0.5542666666666667,6.536156851520158,0.1820975482927606,0.0970666666666666,4.706355092769231,0.8186662208525222,0.2065805338544109,8.52810159866629,1,1
325,325,1629712,Didi Louzada,22.0,0.24875,3.446428571428571,2.3948412698412698,0.27275,1.507936507936508,0.6567460317460316,0.2936507936507936,2.888888888888889,3,3
326,326,201567,Kevin Love,34.0,0.4293999999999999,12.865138336130183,5.051669320397489,0.3461333333333333,10.578330961776542,2.364572229956179,0.6004642143687366,16.88671921423274,4,4
327,327,200768,Kyle Lowry,36.0,0.4190526315789473,10.254437774242223,4.777833289234732,0.3437894736842105,4.119319484499805,5.915545324838195,1.2830651102996002,13.596572877088652,4,4
328,328,1627789,Timothe Luwawu-Cabarrot,27.0,0.380875,4.78085745194389,2.731486506279243,0.322,1.946063141272478,0.7713027698215423,0.3850441254121595,5.469401890707674,3,3
329,329,1626168,Trey Lyles,26.0,0.4316999999999999,6.4198619854302965,2.7764749672637885,0.3284000000000001,4.307647003622869,1.0079803311087372,0.4385925979222957,7.765364561282098,3,3
330,330,1630177,Theo Maledon,21.0,0.5393333333333333,6.109502262443439,2.8077425842131727,0.5426666666666667,2.049371543489191,2.8895927601809954,0.7120160884866767,8.067169431875314,0,0
331,331,1630572,Sandro Mamukelashvili,23.0,0.248,1.4024390243902438,0.6341463414634146,0.2115,1.0,0.2682926829268293,0.1097560975609756,1.8780487804878048,2,2
332,332,1629611,Terance Mann,26.0,0.532,4.817307095956532,1.3534787669601405,0.38325,3.3000793233471306,1.4062921615949162,0.4450352123753409,6.506210591127471,3,3
333,333,1630544,Tre Mann,21.0,0.4034999999999999,11.9,5.466666666666667,0.3365,3.0250000000000004,2.3583333333333334,0.9916666666666668,12.608333333333334,0,0
334,334,1626246,Boban Marjanovic,34.0,0.5650000000000001,3.7020982882874303,0.1161922195467922,0.1258333333333333,3.61070417958224,0.54708427811087,0.1843084966723805,5.6760725096320455,1,1
335,335,1628374,Lauri Markkanen,25.0,0.4503333333333333,13.120868094190175,6.2091839955822605,0.3448333333333333,7.079948239909666,1.549049031970922,0.6954294521507637,16.507249173734227,4,4
336,336,1630230,Naji Marshall,24.0,0.4323333333333334,5.47405303030303,1.834280303030303,0.1829999999999999,3.152272727272728,1.6257575757575755,0.6375000000000001,6.626136363636364,3,3
337,337,1628997,Caleb Martin,27.0,0.43775,6.18254716981132,2.3493448637316563,0.40475,3.401205450733753,1.3521488469601677,1.032861635220126,7.232783018867925,0,0
338,338,1628998,Cody Martin,27.0,0.33825,3.4714077735644637,1.239746975442398,0.2235,2.600476254965692,1.5385348952690503,0.6908687703141929,4.15026859877212,3,3
339,339,1630231,KJ Martin,21.0,0.461,7.29563994374121,2.553305203938116,0.319,4.979090482887951,1.5150492264416318,0.5656821378340365,8.840412564463199,3,3
340,340,1629103,Kelan Martin,26.0,0.3334,4.540757808499744,2.077026796381636,0.25,1.957661717016556,0.5410855094726064,0.2852671104284007,4.574777265745007,3,3
341,341,1629726,Garrison Mathews,26.0,0.3925,4.226635950854701,3.6469417735042735,0.3725,1.6039463141025638,0.5866052350427351,0.4936231303418803,6.143923611111111,3,3
342,342,1630178,Tyrese Maxey,21.0,0.4716666666666667,12.033151183970858,3.869508196721312,0.369,2.5016393442622955,3.2157377049180327,0.7865209471766849,15.160000000000002,0,0
343,343,1630219,Skylar Mays,24.0,0.4745,2.627705627705628,1.0524891774891776,0.3349999999999999,0.9767316017316016,0.7581168831168831,0.3371212121212121,3.307359307359308,3,3
344,344,1630540,Miles McBride,22.0,0.148,1.35,0.85,0.125,0.525,0.5125,0.175,1.1125,2,2
345,345,1630644,Mac McClung,23.0,0.6333333333333333,3.0,1.5,0.222,1.5,0.5,0.5,4.0,3,3
346,346,203468,CJ McCollum,31.0,0.4513333333333333,16.410613311989657,6.144517622143645,0.3845,3.525142476361335,4.021731749471974,0.962927029945384,19.293320143836468,4,4
347,347,204456,T.J. McConnell,30.0,0.477375,6.111987458553622,0.6629387307828666,0.27825,2.8692241464721886,4.720697905189705,1.2243799282544434,6.556216004320411,0,0
348,348,1630183,Jaden McDaniels,22.0,0.4989999999999999,7.17989417989418,3.0476190476190474,0.338,3.756084656084656,1.0851851851851853,1.0328042328042328,9.606878306878306,0,0
349,349,1629667,Jalen McDaniels,24.0,0.4985,5.508933752417795,2.174419729206963,0.4595,3.999788442940039,1.311176257253385,0.5171179883945841,7.589005077369439,3,3
350,350,203926,Doug McDermott,30.0,0.4626923076923077,7.117427497852443,3.2629663202389283,0.4082307692307692,2.344650967567224,0.9638935029747542,0.1961523750329573,8.826669758665298,0,0
351,351,1630253,Sean McDermott,24.0,0.394,1.8333333333333333,1.2222222222222223,0.227,1.0555555555555556,0.2222222222222222,0.1111111111111111,2.1666666666666665,3,3
352,352,201580,JaVale McGee,34.0,0.5517619047619048,5.7790462306983486,0.0968251920933643,0.1077619047619047,4.9204538417132655,0.433164024278686,0.3567836633198468,7.436096705955252,1,1
353,353,203585,Rodney McGruder,31.0,0.4292857142857142,4.565249642980736,2.4465827123390147,0.3671428571428571,2.2813349115870123,0.97359876351473,0.4222418571158067,5.204041348474122,3,3
354,354,1630605,JaQuori McLaughlin,24.0,0.0,0.5,0.25,0.0,0.0,0.5,0.0,0.0,2,2
355,355,1629162,Jordan McLaughlin,26.0,0.4384999999999999,4.326059456040481,1.8270556609740671,0.296,1.866777356103732,3.5635515496521197,0.9631720430107528,4.952751423149905,0,0
356,356,203463,Ben McLemore,29.0,0.4041818181818181,7.15480071994873,4.334164574032468,0.3627272727272727,2.078360464739652,0.881802085744667,0.5592412475120391,8.339651317866714,0,0
357,357,1629001,De'Anthony Melton,24.0,0.4306,6.856314717246224,3.237383210396909,0.3611999999999999,3.307194239550404,2.5385324903407094,1.3643674042852123,7.979174569722514,0,0
358,358,1630241,Sam Merrill,26.0,0.3885,3.2,2.7,0.3755,1.0833333333333337,0.6833333333333333,0.1333333333333333,3.566666666666667,3,3
359,359,1629002,Chimezie Metu,25.0,0.429,3.824444444444445,1.0615708812260536,0.1314,2.8204980842911875,0.7563218390804598,0.3891570881226053,4.431724137931035,3,3
360,360,203114,Khris Middleton,30.0,0.4564,12.953460538797003,4.552382508945419,0.39,4.683344709639276,3.644379037823642,1.1768845132991053,16.416209433858892,4,4
362,362,201988,Patty Mills,34.0,0.4283571428571428,7.070320987438168,4.121786752984574,0.3998571428571428,1.5174858663349209,2.0682200923574823,0.5530836699207354,8.521488920213828,0,0
363,363,200794,Paul Millsap,37.0,0.4762222222222222,9.356980303316266,1.5011128859256462,0.2737222222222222,6.487629789154589,2.0134110450992897,1.0946815257762328,12.03324528554482,0,0
364,364,1629003,Shake Milton,26.0,0.3508,5.837914862914863,2.243080808080808,0.2841999999999999,1.9762049062049063,2.018152958152958,0.4056277056277055,6.985014430014429,3,3
365,365,1630558,Davion Mitchell,24.0,0.3755,8.620000000000001,3.5083333333333333,0.249,1.731666666666667,3.3366666666666664,0.4916666666666666,8.24,0,0
366,366,1628378,Donovan Mitchell,26.0,0.4411666666666667,19.947021775795967,7.877777459646912,0.3621666666666667,4.316574356069149,4.990988454543703,1.3905885053487868,24.83234735134953,4,4
367,367,1630596,Evan Mobley,21.0,0.5415,11.014492753623188,1.0416666666666663,0.2915,6.505434782608695,2.135869565217392,1.0307971014492754,14.992753623188406,1,1
368,368,1628370,Malik Monk,24.0,0.4098333333333333,8.794096221944095,4.825031705457085,0.3538333333333334,2.467009964720851,2.4682935112098776,0.588977936400431,10.098071827902396,0,0
369,369,1630541,Moses Moody,20.0,0.3984999999999999,4.259615384615385,2.757692307692308,0.3585,1.7692307692307692,0.4211538461538461,0.2673076923076923,5.1923076923076925,3,3
370,370,202734,E'Twaun Moore,32.0,0.4458999999999999,6.674311491603841,2.240937581573548,0.3783999999999999,1.9279082167463064,1.665230691730912,0.6243276105419115,7.446358785409961,0,0
371,371,1629630,Ja Morant,23.0,0.487,17.556168406089853,3.89706667165426,0.38675,4.491856506938989,7.0503441439419445,0.9320820708487636,24.238919437898225,4,4
372,372,1629752,Juwan Morgan,25.0,0.4756,1.3545155993431854,0.7658456486042693,0.3366,1.6692939244663385,0.4192118226600986,0.0371100164203612,2.0842364532019704,3,3
373,373,202693,Markieff Morris,33.0,0.4338333333333333,8.605370021542592,2.714514287735533,0.3455555555555556,4.638423392537205,1.4258712739941852,0.6800899295478494,9.82542288234955,0,0
374,374,1628420,Monte Morris,27.0,0.5085000000000001,7.392518247858084,2.5409201493792843,0.3521666666666667,2.4525198631321783,3.7216540999131937,0.8106232469931811,9.1810867595706,0,0
375,375,202694,Marcus Morris Sr.,33.0,0.4374375,9.83966172724397,3.9732625726420223,0.362,4.289905411181237,1.3229719408849667,0.6691056056369835,11.894974818067308,0,0
376,376,1628539,Mychal Mulder,28.0,0.3696,5.596834733893557,4.247675070028011,0.3606,1.7194957983193278,0.6140616246498599,0.1975350140056022,6.26843137254902,3,3
377,377,1630530,Trey Murphy III,22.0,0.5115000000000001,6.608870967741936,3.875,0.533,4.435483870967742,0.8064516129032258,0.685483870967742,10.443548387096774,0,0
378,378,1627749,Dejounte Murray,26.0,0.4438333333333333,11.66832978030281,2.500085515271454,0.3364999999999999,5.90234556413915,5.184928172617435,1.6044583021797054,12.91464060040874,4,4
379,379,1627750,Jamal Murray,25.0,0.435,13.71768208473045,5.320449459610729,0.3493333333333333,3.5907926829268297,3.8619910171873215,1.076586624748859,16.12635455847653,4,4
380,380,203488,Mike Muscala,31.0,0.4620833333333333,5.009547745285684,2.7124791183639907,0.3414999999999999,3.401545785415732,0.8628286466209847,0.2984026698419262,6.454044160694185,3,3
381,381,1629004,Svi Mykhailiuk,25.0,0.4374444444444444,5.009974901641567,3.1542503792503798,0.4285555555555556,1.7097248430581762,1.197059422059422,0.5021284271284272,5.632927257927259,3,3
382,382,1627846,Abdel Nader,28.0,0.4122,3.748781669150522,1.6224900645802287,0.3508,1.9421785182031084,0.5704222553402881,0.4093291817472145,4.4720903413526365,3,3
383,383,1626204,Larry Nance Jr.,29.0,0.5433333333333333,6.185215610625247,1.1446639311783695,0.2864166666666667,6.170821905227324,1.806982391237745,1.0923265314772452,8.043407848684454,1,1
384,384,1630612,RJ Nembhard Jr.,23.0,0.333,1.2857142857142858,0.1428571428571428,0.0,0.5,0.8571428571428571,0.0714285714285714,1.0714285714285714,2,2
385,385,1630174,Aaron Nesmith,23.0,0.413,4.923188405797101,2.719788182831661,0.306,2.424136008918617,0.7076923076923077,0.2369007803790412,5.302787068004459,3,3
386,386,203526,Raul Neto,30.0,0.455875,4.514407264861406,1.55617230361895,0.3466249999999999,1.5104618065365016,1.935179901700481,0.607083422254281,5.462157306024811,3,3
387,387,1627777,Georges Niang,29.0,0.4072857142857143,3.966702691332292,2.671799474233248,0.3047142857142857,1.5504923151764094,0.6531659072761736,0.2481192667584864,4.770065575049479,3,3
388,388,1630227,Daishen Nix,20.0,0.368,2.895833333333333,1.2083333333333333,0.1345,1.0208333333333333,1.8333333333333333,0.3125,3.104166666666667,2,2
389,389,1630192,Zeke Nnaji,21.0,0.5546666666666668,2.837591947348045,1.2019938056523425,0.29,1.7109949670925282,0.2175764614789005,0.276906697638405,3.941153697251258,3,3
390,390,203457,Nerlens Noel,28.0,0.5706,5.303070272544831,0.0333330009228787,0.0833,6.0522810855051175,1.027578649421952,1.2443235093025593,7.230118075185601,1,1
391,391,1629669,Jaylen Nowell,23.0,0.432,8.042703533026113,3.371351766513057,0.29075,2.4781105990783407,1.7099078341013825,0.4898233486943165,9.38095238095238,3,3
392,392,1628373,Frank Ntilikina,23.0,0.372,5.009853637688863,2.091817289479046,0.3494,1.7433513011278596,2.160407660264158,0.6978695919648944,4.950977258928974,3,3
393,393,1629134,Kendrick Nunn,27.0,0.4046666666666667,11.04726368159204,5.266702203269367,0.322,2.710998578535892,2.4754797441364604,0.6714641080312722,11.78500355366027,0,0
394,394,203994,Jusuf Nurkic,28.0,0.4851818181818181,9.620637164772525,0.3948717148569129,0.0882727272727272,8.742717462896616,2.4054800126257865,0.9335366890695596,12.118561486484618,1,1
395,395,1628021,David Nwaba,29.0,0.5048333333333332,4.978810944667722,1.171443794909268,0.3118333333333333,3.4115272195834856,0.906456785612796,0.7262391913287054,6.657134737953153,3,3
396,396,1629670,Jordan Nwora,24.0,0.4666666666666667,5.42831541218638,2.5759856630824376,0.489,3.1881720430107525,0.5060931899641578,0.3232974910394265,6.518279569892473,3,3
397,397,203948,Johnny O'Bryant III,25.0,0.446,3.3443680502504027,0.4889369889369889,0.471,2.0718423733129616,0.5341510341510342,0.1116310160427807,3.5888613020965963,3,3
398,398,1626220,Royce O'Neale,29.0,0.4286666666666666,5.792540578259665,3.563770840172196,0.3746666666666667,4.69749659088673,2.1423388731545203,0.9551602749308602,6.715446251423728,0,0
399,399,1628400,Semi Ojeleye,27.0,0.365,3.1262541883936423,1.7971842042355952,0.3417142857142857,2.2049013828282957,0.4045190083180383,0.2510707499199799,3.46749644467674,3,3
400,400,1626143,Jahlil Okafor,25.0,0.552125,6.732416243103804,0.1159987424897882,0.17775,4.210771155300656,0.7663555453122131,0.2184268319801579,8.581690479184084,1,1
401,401,1629643,Chuma Okeke,24.0,0.3596666666666666,6.071428571428572,3.5444444444444443,0.313,3.7264550264550262,1.7100529100529105,0.8174603174603176,6.332804232804233,0,0
402,402,1629006,Josh Okogie,24.0,0.4037999999999999,4.192350685785819,1.7357937042386002,0.2224,2.518233163257767,0.8809009230160523,0.7963659729847343,5.173938962785327,3,3
403,403,1630168,Onyeka Okongwu,21.0,0.6986666666666667,4.312777777777778,0.02,0.0,4.718611111111112,0.571388888888889,0.5352777777777779,7.242222222222222,1,1
404,404,1630171,Isaac Okoro,21.0,0.3833333333333333,5.925373134328358,2.345771144278607,0.2133333333333333,2.3582089552238803,1.2388059701492538,0.6703980099502488,6.6393034825870645,3,3
405,405,1629644,KZ Okpala,23.0,0.4024999999999999,2.0325772200772203,0.9473616473616472,0.209,1.5725546975546976,0.4700450450450451,0.2151866151866152,2.075788288288288,3,3
406,406,203506,Victor Oladipo,30.0,0.4263333333333334,14.550706062325268,5.334107020056549,0.3388333333333333,4.486710478376327,3.99141134274137,1.4676222043027816,17.11652498075809,4,4
407,407,1628419,Cameron Oliver,25.0,0.6214999999999999,7.875,2.375,0.3205,4.125,1.375,0.5,11.125,0,0
408,408,203482,Kelly Olynyk,31.0,0.4800833333333334,8.186742564851786,3.574506874183674,0.3894166666666667,5.36079257236177,2.393495577639096,0.8730713022421854,11.034933443016188,0,0
409,409,1630647,Eugene Omoruyi,25.0,0.469,2.7916666666666665,0.9166666666666666,0.375,2.041666666666667,0.4166666666666666,0.0,4.041666666666666,3,3
410,410,1629671,Miye Oni,24.0,0.317,1.8652777777777776,1.3432098765432097,0.278,1.2310185185185183,0.4103395061728395,0.2012345679012346,1.9189814814814816,3,3
411,411,1626224,Cedi Osman,27.0,0.4463333333333333,8.770424051915255,4.494443840226659,0.3726666666666666,3.139554760465174,2.2252930797138983,0.6528470875515376,10.769920270920917,0,0
412,412,1630187,Daniel Oturu,22.0,0.4615,1.8666666666666667,0.25,0.1,1.6333333333333333,0.1666666666666666,0.0666666666666666,2.4,3,3
413,413,1626162,Kelly Oubre Jr.,26.0,0.4356,11.02691636662284,4.597982233597029,0.3245999999999999,4.610674181432529,0.996860196320607,1.1211842346447944,13.306467938641594,0,0
414,414,1630698,Kevin Pangos,29.0,0.326,1.9166666666666667,1.0833333333333333,0.231,0.4583333333333333,1.25,0.125,1.625,3,3
415,415,203953,Jabari Parker,27.0,0.5124285714285713,9.151533065279787,1.9513138335685587,0.2757142857142857,4.878612566598404,1.6625028237101291,0.6907285023517046,11.38235922490323,0,0
416,416,1629672,Eric Paschall,25.0,0.493,7.389463601532568,1.7873563218390804,0.33,3.203639846743295,1.3374521072796934,0.3295019157088122,9.74454022988506,3,3
417,417,202335,Patrick Patterson,32.0,0.4499999999999999,6.3122905206381,2.243677324126341,0.3183333333333333,4.143126329602413,1.0270222639441513,0.529955571596023,7.194004498472839,0,0
418,418,101108,Chris Paul,37.0,0.4661666666666665,13.291256886305264,3.703556904656352,0.3631666666666666,4.556773946524273,9.518383153515607,2.117968596044508,17.619238569785868,4,4
419,419,1626166,Cameron Payne,28.0,0.4106666666666667,6.749146758305692,2.7385893621439696,0.3543333333333333,2.1506749685150397,2.763689774725575,0.6675444638213212,7.242475433698064,0,0
420,420,203901,Elfrid Payton,28.0,0.4468,9.471280751768557,1.380067999504984,0.2786,4.125563969811741,5.804614895910005,1.164526825218439,10.35309431013064,0,0
421,421,1627780,Gary Payton II,29.0,0.5002500000000001,3.2716334734361374,1.138973638980766,0.308375,1.973552024403931,1.1138166792084112,0.6885034875328021,3.689053600600469,3,3
422,422,1629617,Reggie Perry,22.0,0.604,5.141666666666667,1.0463675213675212,0.1415,3.404700854700854,0.7679487179487179,0.5326923076923077,6.05,1,1
423,423,1630691,Jamorko Pickett,24.0,0.36,3.8461538461538463,3.0,0.333,2.4615384615384617,0.5384615384615384,0.0,3.8461538461538463,3,3
424,424,1629033,Theo Pinson,26.0,0.2203999999999999,2.2669137192357005,1.40586671670263,0.1564,1.4071488882634395,0.9634393470306784,0.2223285486443381,2.55606529693217,2,2
425,425,203486,Mason Plumlee,32.0,0.5871666666666667,5.890373894501806,0.0584796588861515,0.0166666666666666,6.744078001986753,2.765613735222657,0.7220775083089176,8.646155527721984,1,1
426,426,1627751,Jakob Poeltl,27.0,0.6212857142857143,5.74156818762939,0.0055851608936257,0.2142857142857142,6.672256804646728,1.7434504127175467,0.4957968763305744,8.278592154751292,1,1
427,427,1630197,Aleksej Pokusevski,20.0,0.364,7.84735883424408,3.60983606557377,0.3006666666666666,4.641408621736491,1.9676988463873704,0.5612629022465088,7.520704310868244,3,3
428,428,1630582,Yves Pons,23.0,0.313,1.3333333333333333,0.75,0.333,1.0,0.0833333333333333,0.0833333333333333,1.0833333333333333,3,3
429,429,1629673,Jordan Poole,23.0,0.41175,10.655546955624356,5.673116615067079,0.3285,2.1237874097007223,3.5730134158926727,0.8283281733746131,13.377850877192984,0,0
430,430,1629645,Kevin Porter Jr.,22.0,0.425,13.495321563682218,5.280699873896595,0.3552499999999999,4.456185372005044,5.012906683480454,1.0454791929382092,15.873575031525853,4,4
431,431,1629008,Michael Porter Jr.,24.0,0.48,11.137880857757906,5.567088922006954,0.39375,6.077432107964895,1.2806983772147706,0.7519394767345586,14.061790031462165,0,0
432,432,203490,Otto Porter Jr.,29.0,0.45,8.89388701480165,3.5714831877636755,0.3596153846153846,4.932264196288585,1.6899679360045212,1.0713939382232065,10.737758319282708,0,0
433,433,1626171,Bobby Portis,27.0,0.4731000000000001,10.304480796419789,3.03094637939269,0.3848000000000001,7.187692548871074,1.1452796126548612,0.6404138554282168,12.046571821642663,0,0
434,434,204001,Kristaps Porzingis,27.0,0.4513333333333333,15.244546190095123,5.125469087156394,0.3535555555555555,7.969870160230638,1.9041714585475236,0.6721459460647548,19.32244531942734,4,4
435,435,1630695,Micah Potter,24.0,0.455,3.6666666666666665,0.6666666666666666,0.0,3.0,0.0,0.3333333333333333,4.0,1,1
436,436,203939,Dwight Powell,31.0,0.5294545454545455,3.708584991318635,0.5937724512249466,0.2218181818181818,3.408234530908203,0.755451594355711,0.5143088565013035,5.898263300587891,1,1
437,437,1626181,Norman Powell,29.0,0.455,10.387742309823327,4.388211049103089,0.379,2.822413641749345,1.732365340830798,0.8454623241004956,14.002785139331673,0,0
438,438,1630554,Jason Preston,23.0,0.0,1.0,1.0,0.0,0.0,0.0,0.0,0.0,2,2
439,439,1630563,Joshua Primo,19.0,0.36,5.95,2.87,0.2784999999999999,2.755,3.06,0.325,6.38,3,3
440,440,1627752,Taurean Prince,28.0,0.4391111111111111,7.95402396042861,4.068362139273888,0.408,3.590983470589743,1.6335248326632363,0.7044520419389627,9.698268606620031,0,0
441,441,1630202,Payton Pritchard,24.0,0.4006666666666666,4.862284820031299,2.90275999430929,0.4966666666666666,1.5937544458671218,1.5919760990183525,0.3042395788874661,5.650874946649594,3,3
442,442,1630243,Trevelin Queen,25.0,0.455,3.3,2.4,0.375,1.6,0.4,0.5,4.3,3,3
443,443,1629674,Neemias Queta,22.0,0.447,2.533333333333333,0.0,0.0,2.066666666666667,0.4,0.0666666666666666,3.0,2,2
444,444,1630193,Immanuel Quickley,23.0,0.3806666666666666,8.698183760683762,4.7704326923076925,0.3376666666666666,3.352430555555556,3.3366720085470085,0.4703525641025641,10.159855769230768,0,0
445,445,1630186,Jahmi'us Ramsey,21.0,0.4044999999999999,2.9878542510121457,1.2044534412955463,0.2705,0.7267206477732794,0.4149797570850202,0.180161943319838,3.1174089068825914,3,3
446,446,1626184,Chasson Randle,28.0,0.3443333333333333,3.760270556002264,1.9408012058273385,0.2985,1.194215506715507,1.510730735904952,0.4613238822733596,4.913682056103659,3,3
447,447,203944,Julius Randle,27.0,0.4587777777777777,13.091858415856397,2.668969340712921,0.2677777777777777,8.233342366868005,3.143336739155828,0.6930663025175051,16.450417274714287,4,4
448,448,1630559,Austin Reaves,24.0,0.463,4.48155737704918,2.6188524590163933,0.3585,2.331967213114754,1.526639344262295,0.3627049180327868,6.389344262295082,3,3
449,449,1629629,Cam Reddish,23.0,0.4171666666666667,8.31920133216859,3.704711230203841,0.3408333333333333,2.8729305515309576,1.0183432347297894,0.9794652874412364,9.983118481698602,0,0
450,450,1628432,Davon Reed,27.0,0.338,2.4808035714285714,1.2502976190476192,0.3672499999999999,1.3642857142857143,0.5683035714285715,0.456547619047619,2.388541666666667,3,3
451,451,1630194,Paul Reed,23.0,0.367,2.064327485380117,0.1470985155195681,0.0833333333333333,1.8112910481331532,0.2941970310391363,0.5287899235267656,2.145748987854251,2,2
452,452,1629675,Naz Reid,23.0,0.481,6.770454545454545,2.343722943722944,0.33925,3.723106060606061,0.9668290043290044,0.5346320346320346,8.484848484848484,3,3
453,453,1630208,Nick Richards,24.0,0.6083333333333333,3.1,0.0185185185185185,0.0,3.3603703703703705,0.3737037037037037,0.06,5.611111111111111,1,1
454,454,1626196,Josh Richardson,29.0,0.4376,9.52168430329802,4.261255601249534,0.3933,2.956168877659781,2.5320638207483883,1.0061639737745625,11.49679505086857,0,0
455,455,1630203,Grant Riller,24.0,0.667,1.7142857142857142,0.5714285714285714,0.5,0.1428571428571428,0.4285714285714285,0.1428571428571428,2.571428571428572,3,3
456,456,203085,Austin Rivers,30.0,0.3897058823529412,7.029953644457886,3.138805565959575,0.3186470588235294,2.0165508692887664,2.068098812065863,0.6751078157334577,7.854370871146966,0,0
457,457,1629130,Duncan Robinson,28.0,0.4172,7.358499797699555,6.142798585823556,0.3752,2.530651600100186,1.2921454443866442,0.3883306359940658,9.26129414484712,0,0
458,458,1629620,Justin Robinson,24.0,0.3021666666666666,3.167712418300653,1.9879302832244008,0.3053333333333333,0.778562091503268,1.1266230936819173,0.2273202614379084,2.664662309368192,3,3
459,459,1629011,Mitchell Robinson,24.0,0.7464000000000001,4.938112617448948,0.0,0.0,7.074792210844564,0.5453869739168523,0.7649851235784604,8.500180546875416,1,1
460,460,1630526,Jeremiah Robinson-Earl,21.0,0.4569999999999999,5.906122448979592,3.283673469387755,0.426,4.795918367346939,1.0,0.8959183673469387,7.53469387755102,0,0
461,461,1629676,Isaiah Roby,24.0,0.36475,4.448474499089253,1.30922131147541,0.2845,3.45726320582878,1.207969034608379,0.6631147540983606,5.644148451730419,3,3
462,462,200765,Rajon Rondo,36.0,0.4372727272727273,8.15611898200384,1.6773316126329834,0.3137272727272728,4.302313965075945,7.369246283350443,1.376614118264176,8.73783875003776,4,4
463,463,201565,Derrick Rose,34.0,0.449111111111111,13.275527918810193,2.640575452849418,0.3077777777777777,2.8014474953050663,4.4148022582547375,0.6824504106802582,15.343093231054834,0,0
464,464,203082,Terrence Ross,31.0,0.4237692307692307,9.887137809698125,5.092082442091921,0.359923076923077,2.885396828907095,1.3152266667880488,0.9134445615214476,11.42050725974858,0,0
465,465,1626179,Terry Rozier,28.0,0.391875,11.944996804238102,5.376873137549488,0.3555,4.167732575078155,3.733285024907808,0.8282262364795293,13.597211910481608,4,4
466,466,201937,Ricky Rubio,31.0,0.3834545454545454,9.503753753814507,2.893519623100671,0.3201818181818182,4.239302767485753,7.621329431953709,1.7959980230835504,11.163469459817856,4,4
467,467,1626156,D'Angelo Russell,26.0,0.4242,15.738986692320026,7.337331125664458,0.3555,3.6938895826395823,5.851817888901223,1.1176022280188946,18.80153215611549,4,4
468,468,1630346,Matt Ryan,25.0,0.3275,4.333333333333333,3.833333333333333,0.35,0.5,0.0,0.6666666666666666,3.8333333333333335,3,3
469,469,1627734,Domantas Sabonis,26.0,0.5316666666666667,11.130174753924722,1.481508420645155,0.2941111111111111,10.14322564385479,4.432472609623783,0.8279494013955999,15.6236967871046,4,4
470,470,1629677,Luka Samanic,21.0,0.3805,4.257575757575758,1.9848484848484849,0.327,2.696969696969697,1.2272727272727273,0.1212121212121212,4.515151515151515,3,3
471,471,203967,Dario Saric,28.0,0.38025,8.235846549964199,3.5848406450122137,0.307125,5.083094678560364,1.6316861107302287,0.4980431197342962,9.880486704653372,0,0
472,472,203107,Tomas Satoransky,30.0,0.391,4.360913033551046,1.3428991149609637,0.2692222222222222,2.5061139673547377,3.4741618223000144,0.640053825586046,5.618951311199839,0,0
473,473,1630648,Jordan Schakel,24.0,0.091,2.75,1.5,0.167,2.0,0.0,0.25,1.25,2,2
474,474,1629678,Admiral Schofield,25.0,0.3994999999999999,3.091307814992025,1.9637161084529504,0.32,1.8831738437001595,0.55622009569378,0.1738437001594896,3.421052631578948,3,3
475,475,203471,Dennis Schroder,28.0,0.4274545454545455,11.686474455813528,3.470270574012405,0.3293636363636363,2.9869838623612783,4.684338036907824,0.8179210289293963,13.692849616723686,0,0
476,476,1630206,Jay Scrubb,21.0,0.39,5.777777777777778,1.7083333333333337,0.254,2.1944444444444446,0.3472222222222222,0.6111111111111112,5.736111111111111,3,3
477,477,1627782,Wayne Selden,27.0,0.41925,4.916706008381154,2.158118817955301,0.35175,1.5850809800664454,1.105983652974932,0.4075679867613007,5.817370570321151,3,3
478,478,1630578,Alperen Sengun,20.0,0.5275,8.8125,1.9791666666666667,0.267,7.729166666666666,1.7847222222222223,0.7430555555555556,12.63888888888889,1,1
479,479,1629012,Collin Sexton,23.0,0.4495999999999999,14.231789754960488,3.604748422309398,0.3394,3.2011808516686573,2.79496730911365,0.8158019216555802,17.681338336460286,0,0
480,480,1629013,Landry Shamet,25.0,0.4172857142857142,6.7511875244566175,4.85345671840715,0.4008571428571428,1.632798851316062,1.5642425700141154,0.5320215983072828,8.608071997481218,0,0
481,481,1630549,Day'Ron Sharpe,20.0,0.476,4.328125,0.234375,0.143,5.125,0.890625,0.53125,5.09375,1,1
482,482,1627783,Pascal Siakam,28.0,0.49,13.514090737305022,3.301996455147716,0.2988571428571428,6.6854549732350845,3.797208176199773,0.9657404544309306,17.225172526923227,4,4
483,483,1629735,Chris Silva,25.0,0.4758571428571428,1.133982683982684,0.0322510822510822,0.2857142857142857,2.275036075036075,0.4208513708513708,0.0517316017316017,1.981746031746032,3,3
484,484,1627732,Ben Simmons,26.0,0.5378000000000001,10.25509754388234,0.1413945293743435,0.1172,7.627543227177341,7.515652411660284,1.607456830964684,13.809174805841089,4,4
486,486,1630250,Marko Simonovic,23.0,0.1335,1.3333333333333337,0.7777777777777778,0.1,0.5555555555555556,0.0,0.0555555555555555,0.9444444444444444,2,2
487,487,1629014,Anfernee Simons,23.0,0.4234,9.611044799498746,5.127841478696743,0.3698,2.0116102756892227,1.940706453634085,0.4457988721804511,11.15970238095238,0,0
488,488,1630579,Jericho Sims,24.0,0.361,0.6585365853658537,0.0,0.0,2.5609756097560976,0.2560975609756097,0.1341463414634146,1.0975609756097562,2,2
489,489,1630606,Javonte Smart,23.0,0.348,3.695701357466064,1.740950226244344,0.3206666666666666,1.3744343891402715,0.8393665158371041,0.3868778280542986,3.4615384615384617,3,3
490,490,203935,Marcus Smart,28.0,0.3817777777777777,9.166825172320577,4.908657754432643,0.3078888888888889,3.504776138655649,4.662710574090119,1.50148868735289,10.49232338532485,4,4
492,492,1630696,Dru Smith,24.0,0.333,3.0,2.0,0.0,1.0,0.0,1.0,2.0,2,2
493,493,202397,Ish Smith,34.0,0.3855999999999999,6.169992898573842,1.0139120332998548,0.28852,2.0699038513850154,3.2495074054312334,0.6484317086233693,5.959195572178502,0,0
494,494,1630188,Jalen Smith,22.0,0.4886,6.824110612548748,2.5078682702617794,0.297,5.723889059629425,0.5287629506696444,0.2294284289821815,8.884444581036872,3,3
495,495,1628372,Dennis Smith Jr.,24.0,0.3972,9.141503322639169,2.8069240220144107,0.2966,2.5116266045750493,4.043194080250552,1.211859636433781,9.792843371468267,0,0
496,496,1630270,Xavier Sneed,24.0,0.15,1.0846560846560849,0.9153439153439152,0.0973333333333333,0.746031746031746,0.0846560846560846,0.0,0.4232804232804232,2,2
497,497,203503,Tony Snell,30.0,0.428,4.813280757873307,2.9803281889367934,0.3906363636363636,2.221360460659122,1.0136364646573253,0.4183000824271145,5.687811410639755,3,3
498,498,1630531,Jaden Springer,20.0,0.5,0.75,0.0,0.0,1.5,0.0,0.0,1.0,2,2
499,499,1630199,Cassius Stanley,22.0,0.3575,3.451388888888889,1.2152777777777777,0.2329999999999999,1.4722222222222223,0.2430555555555555,0.2986111111111111,3.638888888888889,3,3
500,500,1630205,Lamar Stevens,25.0,0.315,3.1544973544973547,0.5522486772486773,0.1456666666666667,2.001058201058201,0.4411375661375661,0.3056878306878307,3.4014550264550265,2,2
503,503,1630191,Isaiah Stewart,21.0,0.4733333333333334,7.1053714443523885,1.9914526373929853,0.2803333333333333,8.517301850317592,1.1408588787627727,0.494462855564761,8.930944490472244,1,1
504,504,1629622,Max Strus,26.0,0.508,6.3139140271493215,4.365384615384616,0.28075,2.505467571644042,0.9087481146304676,0.256787330316742,8.121889140271493,3,3
505,505,1630591,Jalen Suggs,21.0,0.4619999999999999,9.708333333333332,4.291666666666666,0.329,2.53125,3.177083333333333,1.8645833333333333,11.875,4,4
506,506,1628410,Edmond Sumner,26.0,0.5398,3.486801714784725,1.2087935642647332,0.1842,1.2601868268543757,0.8767008917939083,0.4256503215221361,4.510218582127074,3,3
507,507,1626208,Keifer Sykes,28.0,0.363,5.9375,2.8125,0.3,1.40625,1.9375,0.375,5.625,3,3
508,508,1630256,Jae'Sean Tate,27.0,0.5346666666666667,7.758241758241759,2.125152625152625,0.54,5.2424908424908425,2.1296703296703297,0.7124542124542125,10.04163614163614,0,0
509,509,1628369,Jayson Tatum,24.0,0.4738333333333333,17.258313165801923,6.368613990084051,0.3873333333333333,6.945138257996352,3.160687025148217,1.0697665255990956,23.15535396436046,4,4
510,510,1630678,Terry Taylor,23.0,0.482,5.333333333333334,1.275757575757576,0.301,4.1060606060606055,1.121212121212121,0.4121212121212121,6.718181818181819,3,3
512,512,202066,Garrett Temple,36.0,0.38175,4.706434362261585,2.3295351371803945,0.2932,1.901565240033385,1.4154328715854991,0.7000652499481894,5.299304431783321,0,0
513,513,1629150,Emanuel Terry,25.0,0.3095,2.0,0.0,0.0,2.833333333333333,0.7083333333333333,0.7083333333333334,2.208333333333333,2,2
514,514,1630179,Tyrell Terry,21.0,0.6565,0.9772727272727272,0.3181818181818182,0.0,0.2727272727272727,0.2727272727272727,0.2272727272727272,1.0,3,3
515,515,1630257,Jon Teske,25.0,0.0,0.3333333333333333,0.0,0.0,0.6666666666666666,0.3333333333333333,0.3333333333333333,0.0,2,2
516,516,1628464,Daniel Theis,30.0,0.5396666666666667,6.0508337803743295,1.9044141443463056,0.3263333333333332,5.050881744652944,1.2564267415639605,0.5069380922294892,8.191657068962034,0,0
517,517,1630271,Brodric Thomas,25.0,0.3642499999999999,2.5580357142857144,1.4966517857142856,0.23575,1.3098958333333333,0.9456845238095238,0.3255208333333333,3.0658482142857144,3,3
518,518,1630560,Cam Thomas,21.0,0.3415,4.753731343283582,1.5485074626865671,0.135,1.2014925373134329,0.832089552238806,0.2462686567164179,4.753731343283582,2,2
519,519,1629017,Khyri Thomas,25.0,0.3659999999999999,5.9929487179487175,2.832051282051282,0.3253333333333333,1.4980769230769233,1.8942307692307687,0.8147435897435896,6.957051282051282,3,3
520,520,1629744,Matt Thomas,27.0,0.4156000000000001,3.1272853647564816,2.019393315997937,0.3738,1.146760255861668,0.4662554447406822,0.1429955125462185,3.670086951274371,3,3
522,522,202691,Klay Thompson,32.0,0.4439,15.775717186329796,7.30307472020664,0.4046999999999999,3.3865917573458084,2.3559687627816035,0.7961156687623999,18.811902378149878,4,4
523,523,202684,Tristan Thompson,31.0,0.5284285714285716,6.568013809343588,0.0537543657932115,0.1231428571428571,7.573040543901695,0.9384172174132642,0.4528790846113907,8.385276500066814,1,1
524,524,1630550,JT Thor,20.0,0.4325,2.0,1.2424242424242424,0.2295,1.9848484848484849,0.2878787878787879,0.1212121212121212,2.1818181818181817,3,3
525,525,1629680,Matisse Thybulle,25.0,0.33575,3.1527097902097903,1.7618006993006992,0.2427499999999999,1.4604312354312354,0.8302447552447552,1.197144522144522,3.5894522144522143,3,3
526,526,1629681,Killian Tillie,24.0,0.336,3.3472222222222223,2.111111111111111,0.3085,1.5,0.5277777777777778,0.4583333333333333,3.2222222222222223,3,3
527,527,1630214,Xavier Tillman Sr.,23.0,0.4893333333333334,4.269978324983122,1.0087410723803432,0.2916666666666667,3.570017411079132,1.0358881426997832,0.5567636712503997,5.010517713108055,3,3
528,528,1630225,Isaiah Todd,21.0,0.1345,1.0833333333333333,0.6666666666666666,0.125,0.5,0.1666666666666666,0.1666666666666666,0.8333333333333334,2,2
529,529,1630167,Obi Toppin,24.0,0.5283333333333333,5.56347072879331,2.072729988052569,0.3713333333333333,3.149342891278375,1.0957287933094386,0.2904719235364396,7.443548387096775,3,3
530,530,1629308,Juan Toscano-Anderson,29.0,0.482,3.93968203869018,1.6742151619380878,0.29925,3.523730292065133,1.829978676660636,0.73277978805893,4.642282342883274,3,3
531,531,1626157,Karl-Anthony Towns,26.0,0.515375,16.268026008269914,4.63413253687644,0.3885,10.759912570949156,3.517921350238423,0.7920864616596324,23.1674758794271,4,4
532,532,1629018,Gary Trent Jr.,23.0,0.4055714285714286,11.992148426329956,6.50126438144368,0.3691428571428571,2.1613837383731225,1.1765258836924173,0.9974303400026476,13.786017926038731,0,0
533,533,200782,P.J. Tucker,37.0,0.4206875,5.277409771843135,2.5431145104712662,0.3408125,5.063020388528447,1.274421963499057,1.021470290019589,6.115197071417494,0,0
534,534,1626167,Myles Turner,26.0,0.4451249999999999,9.368676540087543,2.9361874161061987,0.289875,6.5678226951248,1.2643346083877427,0.748167386166414,11.670929960398905,0,0
535,535,202685,Jonas Valanciunas,30.0,0.555923076923077,9.96485702085791,0.7724872978218034,0.2416923076923076,9.5194849822063,1.3792337531726326,0.4171384160530413,14.142365705085004,1,1
536,536,1627756,Denzel Valentine,28.0,0.4004285714285714,5.039637216207675,3.0887760439361216,0.3642857142857142,2.637609506940092,1.1600600702286368,0.5325828535869769,5.277129380846334,3,3
537,537,1627832,Fred VanVleet,28.0,0.4018571428571428,11.266937107726582,5.799955638113532,0.3981428571428572,3.2573921575566307,5.247987980389296,1.4643450510226828,13.6871530889623,4,4
538,538,1629020,Jarred Vanderbilt,23.0,0.5117142857142858,2.6126537060360597,0.2738638299300064,0.1061428571428571,3.934634902281961,0.7197544660779955,0.7566913743384331,3.701100546688782,1,1
539,539,1630170,Devin Vassell,22.0,0.414,10.715886718158414,5.340489171588672,0.3673333333333333,4.038770255944268,2.439572921399364,1.0046569741026807,12.51056338028169,0,0
540,540,1629216,Gabe Vincent,26.0,0.359,5.74547385620915,3.4325,0.29425,1.2987908496732028,2.232058823529412,0.5968300653594771,5.99390522875817,3,3
541,541,202696,Nikola Vucevic,32.0,0.483857142857143,15.19128128748817,2.8539052390906106,0.2891428571428571,10.550935255825236,2.8833215035401905,0.8134288694254005,17.59531389673611,4,4
542,542,1629731,Dean Wade,25.0,0.5615,3.693685807656396,2.4996498599439776,0.449,2.671802054154996,0.902719421101774,0.3852124183006535,5.539857609710551,3,3
543,543,1630532,Franz Wagner,21.0,0.4555,14.070886075949367,4.215189873417722,0.277,5.053164556962026,3.462025316455696,1.030379746835443,15.775949367088607,4,4
544,544,1629021,Moritz Wagner,25.0,0.4448571428571428,5.164651354551687,2.148133062950339,0.3261428571428571,3.387228142842761,1.0474604612810592,0.4309872335121504,6.961539840742497,3,3
545,545,1630688,Ish Wainright,27.0,0.394,2.311111111111111,1.3111111111111111,0.322,1.2,0.3333333333333333,0.4444444444444444,2.4,3,3
546,546,202689,Kemba Walker,32.0,0.4137272727272727,15.655995021455311,6.236316663766913,0.3529090909090908,3.761264632495231,5.161376218742522,1.1966280432105592,18.908719010176306,4,4
547,547,1630640,MJ Walker,24.0,0.0,2.0,1.0,0.0,0.5,0.5,1.0,0.0,2,2
548,548,1629022,Lonnie Walker IV,23.0,0.4074,8.674525416724066,3.5826601460256238,0.3268,2.2895472287275567,1.5997855535656886,0.7096519263443082,9.510535886485744,0,0
549,549,202322,John Wall,32.0,0.4358181818181817,15.75290835333668,3.322788284782703,0.2944545454545454,4.017604193917943,8.464463922250523,1.5409897865627942,18.822989777973373,4,4
550,550,1628476,Derrick Walton Jr.,27.0,0.3636,2.858876811594203,1.6463907469342254,0.3644,1.186845039018952,2.332329988851728,0.8427954292084727,2.6716415830546265,3,3
551,551,203933,T.J. Warren,27.0,0.5104285714285715,12.18000822158436,2.0275723445110923,0.2794285714285714,3.891102319918223,1.1744585985919522,0.8912821157391233,14.89855957423716,0,0
552,552,1629023,P.J. Washington,24.0,0.44775,10.202134449602122,4.781884118037135,0.39575,5.416035311671087,2.224463279177719,0.8335896054376658,12.348325596816975,0,0
553,553,1630613,Duane Washington Jr.,22.0,0.2025,4.947916666666667,2.239583333333333,0.1885,0.8645833333333334,0.8854166666666666,0.2708333333333333,4.927083333333333,2,2
554,554,1629139,Yuta Watanabe,28.0,0.4301999999999999,2.854093567251462,1.3280116959064323,0.3684,2.005766081871345,0.532748538011696,0.2707836257309942,3.1998947368421056,3,3
555,555,1629682,Tremont Waters,24.0,0.3454,4.07039627039627,2.2286713286713287,0.2012,1.0463869463869462,1.9344988344988343,1.2305361305361306,3.3554778554778557,3,3
556,556,1630570,Trendon Watford,21.0,0.532,5.5625,0.7916666666666666,0.237,4.145833333333333,1.6875,0.5208333333333334,7.583333333333333,1,1
557,557,1628778,Paul Watson,27.0,0.3434,3.080185185185185,1.816851851851852,0.2954,1.8483333333333332,0.8887037037037036,0.3661111111111111,2.906111111111111,3,3
558,558,201566,Russell Westbrook,33.0,0.4277333333333333,18.318411208628557,3.7450614506400393,0.2839333333333333,7.353927197340701,8.117288307031622,1.6952547914658385,22.11230974143925,4,4
559,559,1629632,Coby White,22.0,0.39675,10.553614050477911,5.687802693861141,0.33975,3.059502531206024,2.8827941955882084,0.5949951568982218,11.789519710510444,0,0
560,560,1628401,Derrick White,28.0,0.4429999999999999,8.767763506091299,4.0018895434178265,0.37725,3.2016050681658044,3.5983723246282824,0.6918539467068879,11.164741752422362,0,0
561,561,202355,Hassan Whiteside,33.0,0.5182,7.346623477738025,0.0391514648977335,0.1696,8.805887010715265,0.5160032452043288,0.4372761446981953,10.276675542495926,1,1
562,562,1630580,Joe Wieskamp,22.0,0.357,1.9310344827586208,1.4827586206896552,0.326,0.4827586206896552,0.3103448275862069,0.1379310344827586,2.103448275862069,3,3
563,563,1630598,Aaron Wiggins,23.0,0.435,6.745,2.755,0.3339999999999999,4.78,1.3050000000000002,0.8,8.16,0,0
564,564,203952,Andrew Wiggins,27.0,0.4529999999999999,16.204583662156654,4.654004731360267,0.3431818181818181,4.777491957180009,2.6338705376818567,1.065664034300242,19.68832280092584,4,4
565,565,1629684,Grant Williams,23.0,0.5075,4.209748886379321,2.4473931865236214,0.425,3.30338713219148,1.12859181880921,0.4215564025346633,6.354907773386035,3,3
566,566,1629026,Kenrich Williams,27.0,0.442,5.826221728581977,2.4641197725669777,0.3293999999999999,4.391251977835829,1.9545996446617564,0.8003722157759425,6.426051422697386,0,0
567,567,101150,Lou Williams,35.0,0.4176190476190476,10.362855574529052,3.63495481677278,0.3503809523809524,2.1885010020431626,3.2274348329774063,0.8061717495941766,13.339941741660969,0,0
568,568,1630172,Patrick Williams,21.0,0.4706666666666666,6.47887323943662,2.016514774924054,0.4136666666666667,3.488152444076222,0.892239712786523,0.743606738470036,8.141784037558685,3,3
569,569,1630533,Ziaire Williams,20.0,0.45,6.838709677419355,3.903225806451613,0.314,2.0806451612903225,1.0483870967741935,0.5645161290322581,8.080645161290322,3,3
570,570,1629057,Robert Williams III,24.0,0.7224999999999999,3.905639526351263,0.0137137452711223,0.0,5.867250687589685,1.2352708369569945,0.6962066383658738,6.418428558616341,1,1
571,571,1629627,Zion Williamson,22.0,0.5616666666666666,17.0,0.3802367941712203,0.241,6.715391621129327,2.707194899817851,1.2003642987249543,23.83333333333333,4,4
572,572,1628391,D.J. Wilson,26.0,0.471,3.870303271933707,1.8186205777044289,0.2928571428571428,2.947424852859636,0.7031543885581152,0.3821209105370596,4.683047809445325,3,3
573,573,1629685,Dylan Windler,25.0,0.408,3.076774193548387,1.941935483870968,0.319,2.615806451612903,0.8722580645161291,0.4464516129032258,3.696774193548387,3,3
574,574,1626159,Justise Winslow,26.0,0.4055000000000001,8.39626601869249,2.1011359312829905,0.2593,5.045933361374539,2.5366258278022986,0.948401427445545,8.420065906095319,0,0
575,575,1630216,Cassius Winston,24.0,0.394,1.5357142857142856,0.8149350649350648,0.402,0.275974025974026,0.7727272727272727,0.0454545454545454,1.9318181818181817,3,3
576,576,1630164,James Wiseman,21.0,0.5975,8.117948717948718,0.4871794871794871,0.158,5.597435897435897,0.7333333333333334,0.141025641025641,11.243589743589745,1,1
577,577,1626174,Christian Wood,27.0,0.5191111111111112,7.899605834788878,2.361446229052792,0.3792222222222222,5.760512228387222,0.8715529215714342,0.4616659164085923,11.904895957118615,0,0
578,578,1630218,Robert Woodard II,22.0,0.2625,1.435897435897436,0.3974358974358974,0.2085,1.073717948717949,0.2019230769230769,0.0416666666666666,1.060897435897436,2,2
579,579,1626153,Delon Wright,30.0,0.4466666666666667,6.412509689814278,2.117449429263647,0.3406666666666667,3.2871268644359204,3.257013324624289,1.3330268410335202,7.805133472231802,0,0
580,580,1630589,Moses Wright,23.0,0.1666666666666666,0.7777777777777777,0.1944444444444444,0.0,0.5833333333333334,0.611111111111111,0.0,0.9722222222222224,2,2
581,581,1630593,McKinley Wright IV,24.0,0.4585,2.3,0.7,0.25,1.0,1.3,0.5,1.5,3,3
582,582,201152,Thaddeus Young,34.0,0.5000500000000001,10.00409186649122,1.3782541771612702,0.2934,5.345633735275369,1.814745097493639,1.3587050127025495,11.582623778561162,0,0
583,583,1629027,Trae Young,24.0,0.4202,19.45788452613014,7.699037408335654,0.3278,3.868356075373619,9.354200315603824,0.852172096908939,26.03272811658777,4,4
584,584,1630209,Omer Yurtseven,24.0,0.526,4.410714285714286,0.1964285714285714,0.091,5.25,0.875,0.3035714285714285,5.339285714285714,1,1
585,585,203469,Cody Zeller,29.0,0.525888888888889,6.020496004169799,0.3051014555933757,0.2692222222222222,5.957494121504748,1.3832200924266722,0.6183575544072598,8.387570873491956,1,1
586,586,1627826,Ivica Zubac,25.0,0.5742222222222222,5.873225483570448,0.0428373906342082,0.0277777777777777,6.889483519428751,1.136179568849043,0.2585358857513425,8.361160573947467,1,1
